day,sport,competition,time,home,away,title,channels,sourceUrl
"mon","Soccer","Spain","12:00AM","const cnf0 = {","name: "Elche - Girona",","description: ""Elche - Girona La Liga <br>beIN SPORTS 2, beIN SPORTS 2, beIN Sports Connect"",","","https://ausportguide.com/live-sports-tv-guide/mon"
"mon","Soccer","GironaElche Vs Girona | Extensive Coverage From Every Round Of The Spanish Laliga, Spain's Top Division Of Football With The World's Biggest Teams.extensive Coverage From Every Round Of The Spanish Laliga, Spain's Top Division Of Football With The World's Biggest Teams.","2:15AM","const cnf1 = {","name: "Valencia - Sevilla",","description: ""Valencia - Sevilla La Liga <br>beIN Sports Connect, beIN Sports Connect"",","","https://ausportguide.com/live-sports-tv-guide/mon"
"mon","Soccer","SevillaValencia Vs Sevilla | Laliga","4:30AM","const cnf2 = {","name: "Espanyol - Rayo Vallecano",","description: ""Espanyol - Rayo Vallecano La Liga <br>beIN SPORTS 1, beIN SPORTS 1, beIN Sports Connect"",","","https://ausportguide.com/live-sports-tv-guide/mon"
"mon","Soccer","Rayo VallecanoEspanyol Vs Rayo Vallecano | Extensive Coverage From Every Round Of The Spanish Laliga, Spain's Top Division Of Football With The World's Biggest Teams.extensive Coverage From Every Round Of The Spanish Laliga, Spain's Top Division Of Football With The World's Biggest Teams.","7:00AM","const cnf3 = {","name: "Real Madrid - Celta Vigo",","description: ""Real Madrid - Celta Vigo La Liga <br>beIN SPORTS 2, beIN SPORTS 2, beIN Sports Connect"",","","https://ausportguide.com/live-sports-tv-guide/mon"
"mon","Soccer","Italy","1:00AM","const cnf4 = {","name: "Cagliari - AS Roma",","description: ""Cagliari - AS Roma Serie A <br>beIN SPORTS 3, beIN SPORTS 3, beIN Sports Connect"",","","https://ausportguide.com/live-sports-tv-guide/mon"
"mon","Soccer","AS RomaCagliari Vs Roma | The Giants Of Italian Football Go Head To Head For The Serie A Scudetto, Italy's Top Division Of Football.","4:00AM","const cnf5 = {","name: "Lazio - Bologna",","description: ""Lazio - Bologna Serie A <br>beIN SPORTS 3, beIN SPORTS 3, beIN Sports Connect"",","","https://ausportguide.com/live-sports-tv-guide/mon"
"mon","Soccer","BolognaLazio Vs Bologna | The Giants Of Italian Football Go Head To Head For The Serie A Scudetto, Italy's Top Division Of Football.","6:45AM","const cnf6 = {","name: "Napoli - Juventus",","description: ""Napoli - Juventus Serie A <br>beIN SPORTS 3, beIN SPORTS 3, beIN Sports Connect"",","","https://ausportguide.com/live-sports-tv-guide/mon"
"mon","Soccer","Germany","1:30AM","const cnf7 = {","name: "Hamburger SV - Werder Bremen",","description: ""Hamburger SV - Werder Bremen Bundesliga <br>beIN Sports Connect, beIN Sports Connect"",","","https://ausportguide.com/live-sports-tv-guide/mon"
"mon","Soccer","Werder BremenHamburg Vs Werder Bremen | Bundesliga","3:30AM","const cnf8 = {","name: "Dortmund - Hoffenheim",","description: ""Dortmund - Hoffenheim Bundesliga <br>beIN SPORTS 2, beIN SPORTS 2, beIN Sports Connect"",","","https://ausportguide.com/live-sports-tv-guide/mon"
"mon","Soccer","Belgium","4:30AM","const cnf9 = {","name: "Antwerp - Genk",","description: ""Antwerp - Genk Jupiler League <br>DAZN, DAZN"",","","https://ausportguide.com/live-sports-tv-guide/mon"
"mon","Soccer","Turkey","4:00AM","const cnf10 = {","name: "Goztepe - Trabzonspor",","description: ""Goztepe - Trabzonspor Super Lig <br>beIN Sports Connect, beIN Sports Connect"",","","https://ausportguide.com/live-sports-tv-guide/mon"
"mon","Soccer","England","1:00AM","const cnf11 = {","name: "Brighton & Hove Albion - West Ham United",","description: ""Brighton & Hove Albion - West Ham United Premier League <br>Stan Sport, Stan Sport"",","","https://ausportguide.com/live-sports-tv-guide/mon"
"mon","Soccer","West Ham UnitedBrighton & Hove Albion V West Ham United - Premier League 2025/2026","3:30AM","const cnf12 = {","name: "Fulham - Crystal Palace",","description: ""Fulham - Crystal Palace Premier League <br>Stan Sport, Stan Sport"",","","https://ausportguide.com/live-sports-tv-guide/mon"
"mon","Soccer","Scotland","2:00AM","const cnf13 = {","name: "Celtic - Hearts",","description: ""Celtic - Hearts Premiership <br>beIN SPORTS 1, beIN SPORTS 1, TrillerTV Plus, beIN Sports Connect"",","","https://ausportguide.com/live-sports-tv-guide/mon"
"mon","Soccer","Spain","12:00AM","const cnf14 = {","name: "Cadiz CF - Racing Santander",","description: ""Cadiz CF - Racing Santander LaLiga 1 2 3 <br>beIN Sports Connect, beIN Sports Connect"",","","https://ausportguide.com/live-sports-tv-guide/mon"
"mon","Soccer","Racing SantanderCadiz Vs Racing De Santander | Laliga 2","4:30AM","const cnf15 = {","name: "Deportivo La Coruna - Castellon",","description: ""Deportivo La Coruna - Castellon LaLiga 1 2 3 <br>beIN Sports Connect, beIN Sports Connect"",","","https://ausportguide.com/live-sports-tv-guide/mon"
"mon","Soccer","Italy","1:00AM","const cnf16 = {","name: "Fiorentina W - Ternana W",","description: ""Fiorentina W - Ternana W Serie A Woman <br>DAZN, DAZN"",","","https://ausportguide.com/live-sports-tv-guide/mon"
"mon","Soccer","Ternana WFiorentina Vs. Ternana | The Womens Serie A Action Continues, As The Top Players In Italy Do Battle. - Serie A Femminile","4:00AM","const cnf17 = {","name: "Parma W - Como W",","description: ""Parma W - Como W Serie A Woman <br>DAZN, DAZN"",","","https://ausportguide.com/live-sports-tv-guide/mon"
"mon","Soccer","England","1:30AM","const cnf18 = {","name: "Chelsea W - Everton W",","description: ""Chelsea W - Everton W FA WSL <br>Stan Sport, Stan Sport"",","","https://ausportguide.com/live-sports-tv-guide/mon"
"mon","Basketball","USA","4:00AM","const cnf19 = {","name: "New York Knicks - Orlando Magic",","description: ""New York Knicks - Orlando Magic NBA <br>NBA League Pass, NBA League Pass"",","","https://ausportguide.com/live-sports-tv-guide/mon"
"mon","Basketball","Orlando MagicNew York Knicks - Orlando Magic, Nba","7:30AM","const cnf20 = {","name: "Toronto Raptors - Boston Celtics",","description: ""Toronto Raptors - Boston Celtics NBA <br>NBA League Pass, NBA League Pass"",","","https://ausportguide.com/live-sports-tv-guide/mon"
"mon","Basketball","Boston CelticsToronto Raptors - Boston Celtics, Nba","10:00AM","const cnf21 = {","name: "Charlotte Hornets - Denver Nuggets",","description: ""Charlotte Hornets - Denver Nuggets NBA <br>NBA League Pass, NBA League Pass"",","","https://ausportguide.com/live-sports-tv-guide/mon"
"mon","Basketball","Denver NuggetsCharlotte Hornets - Denver Nuggets, Nba","10:00AM","const cnf22 = {","name: "Memphis Grizzlies - Portland Trail Blazers",","description: ""Memphis Grizzlies - Portland Trail Blazers NBA <br>NBA League Pass, NBA League Pass"",","","https://ausportguide.com/live-sports-tv-guide/mon"
"mon","Basketball","Portland Trail BlazersMemphis Grizzlies - Portland Trail Blazers, Nba","11:00AM","const cnf23 = {","name: "Chicago Bulls - Golden State Warriors",","description: ""Chicago Bulls - Golden State Warriors NBA <br>NBA League Pass, NBA League Pass, ESPN2, Kayo Sports"",","","https://ausportguide.com/live-sports-tv-guide/mon"
"mon","Basketball","Golden State WarriorsChicago Bulls - Golden State Warriors, Nba","11:30AM","const cnf24 = {","name: "Philadelphia 76ers - Los Angeles Lakers",","description: ""Philadelphia 76ers - Los Angeles Lakers NBA <br>NBA League Pass, NBA League Pass"",","","https://ausportguide.com/live-sports-tv-guide/mon"
"mon","Basketball","Los Angeles LakersPhiladelphia 76ers - Los Angeles Lakers, Nba","12:00PM","const cnf25 = {","name: "Utah Jazz - Oklahoma City Thunder",","description: ""Utah Jazz - Oklahoma City Thunder NBA <br>NBA League Pass, NBA League Pass"",","","https://ausportguide.com/live-sports-tv-guide/mon"
"mon","Basketball","United Kingdom","4:30AM","const cnf26 = {","name: "Cheshire Phoenix - Leicester Riders",","description: ""Cheshire Phoenix - Leicester Riders SLB <br>DAZN, DAZN"",","","https://ausportguide.com/live-sports-tv-guide/mon"
"mon","Basketball","USA","9:00AM","const cnf27 = {","name: "North Carolina - Georgetown",","description: ""North Carolina - Georgetown NCAA <br>ESPN2, ESPN2, Kayo Sports"",","","https://ausportguide.com/live-sports-tv-guide/mon"
"mon","Basketball","GeorgetownGeorgetown Vs. #16 North Carolina | Ncaam Basketball","9:00AM","const cnf28 = {","name: "Nebraska - Creighton",","description: ""Nebraska - Creighton NCAA <br>DAZN, DAZN"",","","https://ausportguide.com/live-sports-tv-guide/mon"
"mon","Basketball","Spain","5:00AM","const cnf29 = {","name: "Baskonia - Valencia",","description: ""Baskonia - Valencia ACB <br>DAZN, DAZN"",","","https://ausportguide.com/live-sports-tv-guide/mon"
"mon","Basketball","United Kingdom","3:00AM","const cnf30 = {","name: "Caledonia Gladiators - Newcastle Eagles",","description: ""Caledonia Gladiators - Newcastle Eagles SLB Trophy <br>DAZN, DAZN"",","","https://ausportguide.com/live-sports-tv-guide/mon"
"mon","Golf","South Africa","3:30AM","const cnf31 = {","name: "USPGA: Hero World Challenge FR",","description: ""USPGA: Hero World Challenge FR Hero World Challenge FR <br>Fox Sports 503, Fox Sports 503, Kayo Sports"",","","https://ausportguide.com/live-sports-tv-guide/mon"
"mon","Golf","World Champions Cup","12:00AM","const cnf32 = {","name: "Golf: PGA Tour Champions",","description: ""Golf: PGA Tour Champions World Champions Cup Final Day <br>Fox Sports 503, Fox Sports 503"",","","https://ausportguide.com/live-sports-tv-guide/mon"
"mon","Cycling","UCI Cyclo-Cross World Cup","1:00AM","const cnf33 = {","name: "Terralba - Sardinia",","description: ""Terralba - Sardinia <b>UCI Cyclo-Cross World Cup</b> <br>Stan Sport, Stan Sport"",","","https://ausportguide.com/live-sports-tv-guide/mon"
"mon","American Football","USA","5:00AM","const cnf34 = {","name: "Baltimore Ravens - Pittsburgh Steelers",","description: ""Baltimore Ravens - Pittsburgh Steelers NFL <br>ESPN, ESPN, DAZN, Kayo Sports"",","","https://ausportguide.com/live-sports-tv-guide/mon"
"mon","American Football","Pittsburgh SteelersPittsburgh Steelers Vs. Baltimore Ravens | Nfl","5:00AM","const cnf35 = {","name: "Atlanta Falcons - Seattle Seahawks",","description: ""Atlanta Falcons - Seattle Seahawks NFL <br>ESPN2, ESPN2, DAZN NFL Game Pass, DAZN"",","","https://ausportguide.com/live-sports-tv-guide/mon"
"mon","American Football","Seattle SeahawksSeattle Seahawks Vs. Atlanta Falcons | Nfl","5:00AM","const cnf36 = {","name: "Jacksonville Jaguars - Indianapolis Colts",","description: ""Jacksonville Jaguars - Indianapolis Colts NFL <br>7Mate Sydney, 7Mate Sydney, 7Mate Melbourne, DAZN NFL Game Pass"",","","https://ausportguide.com/live-sports-tv-guide/mon"
"mon","American Football","Indianapolis ColtsJacksonville Jaguars Vs Indianapolis Colts | Nfl","5:00AM","const cnf37 = {","name: "Cleveland Browns - Tennessee Titans",","description: ""Cleveland Browns - Tennessee Titans NFL <br>DAZN NFL Game Pass, DAZN NFL Game Pass, DAZN"",","","https://ausportguide.com/live-sports-tv-guide/mon"
"mon","American Football","Tennessee TitansCleveland Browns Vs. Tennessee Titans | Nfl","5:00AM","const cnf38 = {","name: "New York Jets - Miami Dolphins",","description: ""New York Jets - Miami Dolphins NFL <br>DAZN NFL Game Pass, DAZN NFL Game Pass, DAZN"",","","https://ausportguide.com/live-sports-tv-guide/mon"
"mon","American Football","Miami DolphinsNew York Jets Vs. Miami Dolphins | Nfl","5:00AM","const cnf39 = {","name: "Tampa Bay Buccaneers - New Orleans Saints",","description: ""Tampa Bay Buccaneers - New Orleans Saints NFL <br>DAZN NFL Game Pass, DAZN NFL Game Pass, DAZN"",","","https://ausportguide.com/live-sports-tv-guide/mon"
"mon","American Football","New Orleans SaintsTampa Bay Buccaneers Vs. New Orleans Saints | Nfl","5:00AM","const cnf40 = {","name: "Minnesota Vikings - Washington Commanders",","description: ""Minnesota Vikings - Washington Commanders NFL <br>DAZN NFL Game Pass, DAZN NFL Game Pass, DAZN"",","","https://ausportguide.com/live-sports-tv-guide/mon"
"mon","American Football","Washington CommandersMinnesota Vikings Vs. Washington Commanders | Nfl","5:00AM","const cnf41 = {","name: "Buffalo Bills - Cincinnati Bengals",","description: ""Buffalo Bills - Cincinnati Bengals NFL <br>DAZN, DAZN"",","","https://ausportguide.com/live-sports-tv-guide/mon"
"mon","American Football","Cincinnati BengalsBengals @ Bills | Action From The 2025 Season On Nfl Game Pass On Dazn. - Nfl Game Pass","8:05AM","const cnf42 = {","name: "Las Vegas Raiders - Denver Broncos",","description: ""Las Vegas Raiders - Denver Broncos NFL <br>DAZN NFL Game Pass, DAZN NFL Game Pass, DAZN"",","","https://ausportguide.com/live-sports-tv-guide/mon"
"mon","American Football","Denver BroncosLas Vegas Raiders Vs. Denver Broncos | Nfl","8:25AM","const cnf43 = {","name: "Green Bay Packers - Chicago Bears",","description: ""Green Bay Packers - Chicago Bears NFL <br>ESPN, ESPN, DAZN, Kayo Sports"",","","https://ausportguide.com/live-sports-tv-guide/mon"
"mon","American Football","Chicago BearsChicago Bears Vs. Green Bay Packers | Nfl","8:25AM","const cnf44 = {","name: "Arizona Cardinals - Los Angeles Rams",","description: ""Arizona Cardinals - Los Angeles Rams NFL <br>7Mate Sydney, 7Mate Sydney, 7Mate Melbourne, 7plus Sport"",","","https://ausportguide.com/live-sports-tv-guide/mon"
"mon","American Football","Los Angeles RamsArizona Cardinals Vs Los Angeles Rams | Nfl","12:20PM","const cnf45 = {","name: "Kansas City Chiefs - Houston Texans",","description: ""Kansas City Chiefs - Houston Texans NFL <br>ESPN, ESPN, DAZN, Kayo Sports"",","","https://ausportguide.com/live-sports-tv-guide/mon"
"mon","American Football","USA","5:00AM","const cnf46 = {","name: "Philadelphia Flyers - Colorado Avalanche",","description: ""Philadelphia Flyers - Colorado Avalanche NHL <br>WatchESPN, WatchESPN"",","","https://ausportguide.com/live-sports-tv-guide/mon"
"mon","American Football","Colorado AvalancheColorado Avalanche Vs. Philadelphia Flyers | Nhl","9:00AM","const cnf47 = {","name: "Florida Panthers - New York Islanders",","description: ""Florida Panthers - New York Islanders NHL <br>WatchESPN, WatchESPN"",","","https://ausportguide.com/live-sports-tv-guide/mon"
"mon","American Football","New York IslandersNew York Islanders Vs. Florida Panthers | Nhl","10:00AM","const cnf48 = {","name: "Dallas Stars - Pittsburgh Penguins",","description: ""Dallas Stars - Pittsburgh Penguins NHL <br>WatchESPN, WatchESPN"",","","https://ausportguide.com/live-sports-tv-guide/mon"
"mon","American Football","Pittsburgh PenguinsPittsburgh Penguins Vs. Dallas Stars | Nhl","11:00AM","const cnf49 = {","name: "Washington Capitals - Columbus Blue Jackets",","description: ""Washington Capitals - Columbus Blue Jackets NHL <br>WatchESPN, WatchESPN"",","","https://ausportguide.com/live-sports-tv-guide/mon"
"mon","American Football","Columbus Blue JacketsColumbus Blue Jackets Vs. Washington Capitals | Nhl","11:00AM","const cnf50 = {","name: "New York Rangers - Vegas Golden Knights",","description: ""New York Rangers - Vegas Golden Knights NHL <br>WatchESPN, WatchESPN"",","","https://ausportguide.com/live-sports-tv-guide/mon"
"mon","American Football","Vegas Golden KnightsVegas Golden Knights Vs. New York Rangers | Nhl","12:00PM","const cnf51 = {","name: "Anaheim Ducks - Chicago Blackhawks",","description: ""Anaheim Ducks - Chicago Blackhawks NHL <br>WatchESPN, WatchESPN"",","","https://ausportguide.com/live-sports-tv-guide/mon"
"tue","Soccer","Spain","7:00AM","const cnf0 = {","name: "Osasuna - Levante",","description: ""Osasuna - Levante La Liga <br>beIN SPORTS 2, beIN SPORTS 2, beIN Sports Connect"",","","https://ausportguide.com/live-sports-tv-guide/tue"
"tue","Soccer","Italy","1:00AM","const cnf1 = {","name: "Pisa - Parma",","description: ""Pisa - Parma Serie A <br>beIN SPORTS 3, beIN SPORTS 3, beIN Sports Connect"",","","https://ausportguide.com/live-sports-tv-guide/tue"
"tue","Soccer","ParmaPisa Vs Parma | The Giants Of Italian Football Go Head To Head For The Serie A Scudetto, Italy's Top Division Of Football.","4:00AM","const cnf2 = {","name: "Udinese - Genoa",","description: ""Udinese - Genoa Serie A <br>beIN Sports Connect, beIN Sports Connect, beIN SPORTS 3"",","","https://ausportguide.com/live-sports-tv-guide/tue"
"tue","Soccer","GenoaUdinese Vs Genoa | Serie A","6:45AM","const cnf3 = {","name: "Torino - AC Milan",","description: ""Torino - AC Milan Serie A <br>beIN SPORTS 3, beIN SPORTS 3, beIN Sports Connect"",","","https://ausportguide.com/live-sports-tv-guide/tue"
"tue","Soccer","Turkey","4:00AM","const cnf4 = {","name: "Besiktas - Gaziantep",","description: ""Besiktas - Gaziantep Super Lig <br>beIN Sports Connect, beIN Sports Connect"",","","https://ausportguide.com/live-sports-tv-guide/tue"
"tue","Soccer","England","7:00AM","const cnf5 = {","name: "Wolverhampton Wanderers - Manchester United",","description: ""Wolverhampton Wanderers - Manchester United Premier League <br>Stan Sport, Stan Sport"",","","https://ausportguide.com/live-sports-tv-guide/tue"
"tue","Soccer","Spain","6:30AM","const cnf6 = {","name: "Malaga - Zaragoza",","description: ""Malaga - Zaragoza LaLiga 1 2 3 <br>beIN Sports Connect, beIN Sports Connect, beIN SPORTS 1"",","","https://ausportguide.com/live-sports-tv-guide/tue"
"tue","Basketball","USA","11:00AM","const cnf7 = {","name: "Indiana Pacers - Sacramento Kings",","description: ""Indiana Pacers - Sacramento Kings NBA <br>NBA League Pass, NBA League Pass"",","","https://ausportguide.com/live-sports-tv-guide/tue"
"tue","Basketball","Sacramento KingsIndiana Pacers - Sacramento Kings, Nba","11:30AM","const cnf8 = {","name: "Minnesota Timberwolves - Phoenix Suns",","description: ""Minnesota Timberwolves - Phoenix Suns NBA <br>NBA League Pass, NBA League Pass, ESPN2, Kayo Sports"",","","https://ausportguide.com/live-sports-tv-guide/tue"
"tue","Basketball","Phoenix SunsMinnesota Timberwolves - Phoenix Suns, Nba","12:00PM","const cnf9 = {","name: "New Orleans Pelicans - San Antonio Spurs",","description: ""New Orleans Pelicans - San Antonio Spurs NBA <br>NBA League Pass, NBA League Pass"",","","https://ausportguide.com/live-sports-tv-guide/tue"
"tue","Basketball","Australia","7:00PM","const cnf10 = {","name: "Canberra Capitals W - Adelaide Lightning W",","description: ""Canberra Capitals W - Adelaide Lightning W WNBL Women <br>ESPN, ESPN, Kayo Sports"",","","https://ausportguide.com/live-sports-tv-guide/tue"
"tue","American Football","USA","12:15PM","const cnf11 = {","name: "Los Angeles Chargers - Philadelphia Eagles",","description: ""Los Angeles Chargers - Philadelphia Eagles NFL <br>ESPN, ESPN, DAZN, Kayo Sports"",","","https://ausportguide.com/live-sports-tv-guide/tue"
"tue","American Football","USA","11:30AM","const cnf12 = {","name: "Toronto Maple Leafs - Tampa Bay Lightning",","description: ""Toronto Maple Leafs - Tampa Bay Lightning NHL <br>"",","","https://ausportguide.com/live-sports-tv-guide/tue"
"tue","American Football","Tampa Bay LightningTampa Bay Lightning Vs. Toronto Maple Leafs | Nhl","1:00PM","const cnf13 = {","name: "Utah Mammoth - Los Angeles Kings",","description: ""Utah Mammoth - Los Angeles Kings NHL <br>"",","","https://ausportguide.com/live-sports-tv-guide/tue"
"tue","American Football","Los Angeles KingsLos Angeles Kings Vs. Utah Mammoth | Nhl","1:00PM","const cnf14 = {","name: "Calgary Flames - Buffalo Sabres",","description: ""Calgary Flames - Buffalo Sabres NHL <br>"",","","https://ausportguide.com/live-sports-tv-guide/tue"
"tue","American Football","Buffalo SabresBuffalo Sabres Vs. Calgary Flames | Nhl","2:00PM","const cnf15 = {","name: "Seattle Kraken - Minnesota Wild",","description: ""Seattle Kraken - Minnesota Wild NHL <br>"",","","https://ausportguide.com/live-sports-tv-guide/tue"
"wed","Soccer","Europe","2:30AM","const cnf0 = {","name: "Kairat Almaty - Olympiakos Piraeus",","description: ""Kairat Almaty - Olympiakos Piraeus Champions League <br>Stan Sport, Stan Sport"",","","https://ausportguide.com/live-sports-tv-guide/wed"
"wed","Soccer","Olympiakos PiraeusKairat V Olympiakos Piraeus - Uefa Champions League 2025/2026","4:45AM","const cnf1 = {","name: "Bayern Munich - Sporting",","description: ""Bayern Munich - Sporting Champions League <br>Stan Sport, Stan Sport"",","","https://ausportguide.com/live-sports-tv-guide/wed"
"wed","Soccer","SportingBayern München V Sporting Cp - Uefa Champions League 2025/2026","7:00AM","const cnf2 = {","name: "Atalanta - Chelsea",","description: ""Atalanta - Chelsea Champions League <br>Stan Sport, Stan Sport"",","","https://ausportguide.com/live-sports-tv-guide/wed"
"wed","Soccer","ChelseaAtalanta V Chelsea - Uefa Champions League 2025/2026","7:00AM","const cnf3 = {","name: "Tottenham - Slavia Prague",","description: ""Tottenham - Slavia Prague Champions League <br>Stan Sport, Stan Sport"",","","https://ausportguide.com/live-sports-tv-guide/wed"
"wed","Soccer","Slavia PragueTottenham Hotspur V Slavia Praha - Uefa Champions League 2025/2026","7:00AM","const cnf4 = {","name: "Inter - Liverpool",","description: ""Inter - Liverpool Champions League <br>Stan Sport, Stan Sport"",","","https://ausportguide.com/live-sports-tv-guide/wed"
"wed","Soccer","LiverpoolInternazionale V Liverpool - Uefa Champions League 2025/2026","7:00AM","const cnf5 = {","name: "Royale Union SG - Marseille",","description: ""Royale Union SG - Marseille Champions League <br>Stan Sport, Stan Sport"",","","https://ausportguide.com/live-sports-tv-guide/wed"
"wed","Soccer","MarseilleUnion Saint-gilloise V Olympique Marseille - Uefa Champions League 2025/2026","7:00AM","const cnf6 = {","name: "Barcelona - Eintracht Frankfurt",","description: ""Barcelona - Eintracht Frankfurt Champions League <br>Stan Sport, Stan Sport"",","","https://ausportguide.com/live-sports-tv-guide/wed"
"wed","Soccer","Eintracht FrankfurtBarcelona V Eintracht Frankfurt - Uefa Champions League 2025/2026","7:00AM","const cnf7 = {","name: "PSV - Atletico Madrid",","description: ""PSV - Atletico Madrid Champions League <br>Stan Sport, Stan Sport"",","","https://ausportguide.com/live-sports-tv-guide/wed"
"wed","Soccer","Atletico MadridPsv V Atlético De Madrid - Uefa Champions League 2025/2026","7:00AM","const cnf8 = {","name: "Monaco - Galatasaray",","description: ""Monaco - Galatasaray Champions League <br>Stan Sport, Stan Sport"",","","https://ausportguide.com/live-sports-tv-guide/wed"
"wed","Soccer","GalatasarayMonaco V Galatasaray - Uefa Champions League 2025/2026","4:00PM","const cnf9 = {","name: "Arsenal vs. FC Twente Women",","description: ""Arsenal vs. FC Twente Women UEFA Women's Champions League <br>"",","","https://ausportguide.com/live-sports-tv-guide/wed"
"wed","Soccer","England","7:00AM","const cnf10 = {","name: "QPR - Birmingham",","description: ""QPR - Birmingham Championship <br>beIN Sports Connect, beIN Sports Connect, beIN SPORTS 3"",","","https://ausportguide.com/live-sports-tv-guide/wed"
"wed","Soccer","Asia","9:00PM","const cnf11 = {","name: "Seoul - Melbourne City",","description: ""Seoul - Melbourne City AFC Champions League <br>Paramount  Australia, Paramount  Australia"",","","https://ausportguide.com/live-sports-tv-guide/wed"
"wed","Soccer","Europe","2:00AM","const cnf12 = {","name: "Inter U19 - Liverpool U19",","description: ""Inter U19 - Liverpool U19 UEFA Youth League <br>Stan Sport, Stan Sport"",","","https://ausportguide.com/live-sports-tv-guide/wed"
"wed","Soccer","Australia","5:00PM","const cnf13 = {","name: "Canberra W - Sydney W",","description: ""Canberra W - Sydney W Ninja A-League <br>Paramount  Australia, Paramount  Australia"",","","https://ausportguide.com/live-sports-tv-guide/wed"
"wed","Soccer","Europe","7:00AM","const cnf14 = {","name: "Arsenal W - Twente W",","description: ""Arsenal W - Twente W Champions League Women <br>ESPN2, ESPN2, Kayo Sports"",","","https://ausportguide.com/live-sports-tv-guide/wed"
"wed","Cricket","Test Series","9:00AM","const cnf15 = {","name: "New Zealand - West Indies",","description: ""New Zealand - West Indies Test Series <br>Fox Cricket, Fox Cricket, Kayo Sports"",","","https://ausportguide.com/live-sports-tv-guide/wed"
"wed","Cricket","Twenty20 International","12:30AM","const cnf16 = {","name: "India - South Africa",","description: ""India - South Africa Twenty20 International <br>Fox Cricket, Fox Cricket, Kayo Sports"",","","https://ausportguide.com/live-sports-tv-guide/wed"
"wed","Basketball","Australia","7:30PM","const cnf17 = {","name: "South East Melbourne - Tasmania JackJumpers",","description: ""South East Melbourne - Tasmania JackJumpers NBL <br>ESPN, ESPN, Kayo Sports"",","","https://ausportguide.com/live-sports-tv-guide/wed"
"wed","Basketball","USA","10:30AM","const cnf18 = {","name: "Brigham Young - Clemson",","description: ""Brigham Young - Clemson NCAA <br>ESPN, ESPN, Kayo Sports"",","","https://ausportguide.com/live-sports-tv-guide/wed"
"wed","American Football","USA","10:30AM","const cnf19 = {","name: "Brigham Young - Clemson",","description: ""Brigham Young - Clemson NCAA <br>ESPN, ESPN, Kayo Sports"",","","https://ausportguide.com/live-sports-tv-guide/wed"
"wed","Basketball","USA","12:30PM","const cnf20 = {","name: "#15 Florida vs. #5 UConn",","description: ""#15 Florida vs. #5 UConn NCAAM Basketball <br>ESPN, ESPN, Kayo Sports"",","","https://ausportguide.com/live-sports-tv-guide/wed"
"wed","Basketball","NCAAM Basketball","1:00PM","const cnf21 = {","name: "Florida - Connecticut",","description: ""Florida - Connecticut NCAA <br>ESPN, ESPN, Kayo Sports"",","","https://ausportguide.com/live-sports-tv-guide/wed"
"wed","American Football","USA","1:00PM","const cnf22 = {","name: "Florida - Connecticut",","description: ""Florida - Connecticut NCAA <br>ESPN, ESPN, Kayo Sports"",","","https://ausportguide.com/live-sports-tv-guide/wed"
"wed","Golf","Asia","8:30PM","const cnf23 = {","name: "Golf: Asian PGA Tour",","description: ""Golf: Asian PGA Tour Saudi Open Round 1 <br>"",","","https://ausportguide.com/live-sports-tv-guide/wed"
"wed","Golf","USA","11:00AM","const cnf24 = {","name: "New York Islanders - Vegas Golden Knights",","description: ""New York Islanders - Vegas Golden Knights NHL <br>ESPN2, ESPN2, Kayo Sports"",","","https://ausportguide.com/live-sports-tv-guide/wed"
"wed","Golf","Vegas Golden KnightsVegas Golden Knights Vs. New York Islanders | Nhl","11:00AM","const cnf25 = {","name: "Pittsburgh Penguins - Anaheim Ducks",","description: ""Pittsburgh Penguins - Anaheim Ducks NHL <br>"",","","https://ausportguide.com/live-sports-tv-guide/wed"
"wed","Golf","Anaheim DucksAnaheim Ducks Vs. Pittsburgh Penguins | Nhl","11:00AM","const cnf26 = {","name: "Ottawa Senators - New Jersey Devils",","description: ""Ottawa Senators - New Jersey Devils NHL <br>"",","","https://ausportguide.com/live-sports-tv-guide/wed"
"wed","Golf","New Jersey DevilsNew Jersey Devils Vs. Ottawa Senators | Nhl","12:00PM","const cnf27 = {","name: "Winnipeg Jets - Dallas Stars",","description: ""Winnipeg Jets - Dallas Stars NHL <br>"",","","https://ausportguide.com/live-sports-tv-guide/wed"
"wed","Golf","Dallas StarsDallas Stars Vs. Winnipeg Jets | Nhl","1:00PM","const cnf28 = {","name: "Edmonton Oilers - Buffalo Sabres",","description: ""Edmonton Oilers - Buffalo Sabres NHL <br>"",","","https://ausportguide.com/live-sports-tv-guide/wed"
"wed","Golf","Buffalo SabresBuffalo Sabres Vs. Edmonton Oilers | Nhl","1:30PM","const cnf29 = {","name: "Nashville Predators - Colorado Avalanche",","description: ""Nashville Predators - Colorado Avalanche NHL <br>WatchESPN, WatchESPN, ESPN2, Kayo Sports"",","","https://ausportguide.com/live-sports-tv-guide/wed"
"thu","Soccer","Europe","4:45AM","const cnf0 = {","name: "Villarreal - FC Copenhagen",","description: ""Villarreal - FC Copenhagen Champions League <br>Stan Sport, Stan Sport"",","","https://ausportguide.com/live-sports-tv-guide/thu"
"thu","Soccer","FC CopenhagenVillarreal V København - Uefa Champions League 2025/2026","4:45AM","const cnf1 = {","name: "Qarabag - Ajax",","description: ""Qarabag - Ajax Champions League <br>Stan Sport, Stan Sport"",","","https://ausportguide.com/live-sports-tv-guide/thu"
"thu","Soccer","AjaxQarabağ V Ajax - Uefa Champions League 2025/2026","7:00AM","const cnf2 = {","name: "Real Madrid - Manchester City",","description: ""Real Madrid - Manchester City Champions League <br>Stan Sport, Stan Sport"",","","https://ausportguide.com/live-sports-tv-guide/thu"
"thu","Soccer","Manchester CityReal Madrid V Manchester City - Uefa Champions League 2025/2026","7:00AM","const cnf3 = {","name: "Club Brugge KV - Arsenal",","description: ""Club Brugge KV - Arsenal Champions League <br>Stan Sport, Stan Sport"",","","https://ausportguide.com/live-sports-tv-guide/thu"
"thu","Soccer","ArsenalClub Brugge V Arsenal - Uefa Champions League 2025/2026","7:00AM","const cnf4 = {","name: "Bayer Leverkusen - Newcastle Utd",","description: ""Bayer Leverkusen - Newcastle Utd Champions League <br>Stan Sport, Stan Sport"",","","https://ausportguide.com/live-sports-tv-guide/thu"
"thu","Soccer","Newcastle UtdBayer Leverkusen V Newcastle United - Uefa Champions League 2025/2026","7:00AM","const cnf5 = {","name: "Juventus - Paphos",","description: ""Juventus - Paphos Champions League <br>Stan Sport, Stan Sport"",","","https://ausportguide.com/live-sports-tv-guide/thu"
"thu","Soccer","PaphosJuventus V Pafos - Uefa Champions League 2025/2026","7:00AM","const cnf6 = {","name: "Athletic Bilbao - Paris Saint Germain",","description: ""Athletic Bilbao - Paris Saint Germain Champions League <br>Stan Sport, Stan Sport"",","","https://ausportguide.com/live-sports-tv-guide/thu"
"thu","Soccer","Paris Saint GermainAthletic Club V Psg - Uefa Champions League 2025/2026","7:00AM","const cnf7 = {","name: "Dortmund - Bodo/Glimt",","description: ""Dortmund - Bodo/Glimt Champions League <br>Stan Sport, Stan Sport"",","","https://ausportguide.com/live-sports-tv-guide/thu"
"thu","Soccer","Bodo/GlimtBorussia Dortmund V Bodø / Glimt - Uefa Champions League 2025/2026","7:00AM","const cnf8 = {","name: "Benfica - Napoli",","description: ""Benfica - Napoli Champions League <br>Stan Sport, Stan Sport"",","","https://ausportguide.com/live-sports-tv-guide/thu"
"thu","Soccer","NapoliBenfica V Napoli - Uefa Champions League 2025/2026","7:30PM","const cnf9 = {","name: "Chelsea vs. Roma",","description: ""Chelsea vs. Roma UEFA Women's Champions League <br>"",","","https://ausportguide.com/live-sports-tv-guide/thu"
"thu","Soccer","England","7:00AM","const cnf10 = {","name: "Hull City - Wrexham",","description: ""Hull City - Wrexham Championship <br>beIN Sports Connect, beIN Sports Connect"",","","https://ausportguide.com/live-sports-tv-guide/thu"
"thu","Soccer","England","6:45AM","const cnf11 = {","name: "Carlisle - Woking",","description: ""Carlisle - Woking National League <br>DAZN, DAZN"",","","https://ausportguide.com/live-sports-tv-guide/thu"
"thu","Soccer","Europe","7:00AM","const cnf12 = {","name: "Chelsea W - AS Roma W",","description: ""Chelsea W - AS Roma W Champions League Women <br>"",","","https://ausportguide.com/live-sports-tv-guide/thu"
"thu","Cricket","Twenty20 International Women","3:00AM","const cnf13 = {","name: "South Africa W - Ireland W",","description: ""South Africa W - Ireland W Twenty20 International Women <br>Fox Cricket, Fox Cricket, Kayo Sports"",","","https://ausportguide.com/live-sports-tv-guide/thu"
"thu","Basketball","Australia","7:30PM","const cnf14 = {","name: "Illawarra Hawks - Brisbane Bullets",","description: ""Illawarra Hawks - Brisbane Bullets NBL <br>"",","","https://ausportguide.com/live-sports-tv-guide/thu"
"thu","Basketball","USA","11:00AM","const cnf15 = {","name: "#12 Iowa vs. #10 Iowa State",","description: ""#12 Iowa vs. #10 Iowa State NCAA Women's Basketball <br>"",","","https://ausportguide.com/live-sports-tv-guide/thu"
"thu","Golf","South Africa","9:00PM","const cnf16 = {","name: "Golf: Alfred Dunhill C'ship R1",","description: ""Golf: Alfred Dunhill C'ship R1 Alfred Dunhill C'ship R1 <br>Fox Sports 503, Fox Sports 503, Kayo Sports"",","","https://ausportguide.com/live-sports-tv-guide/thu"
"thu","Golf","Asia","8:30PM","const cnf17 = {","name: "Golf: Asian PGA Tour",","description: ""Golf: Asian PGA Tour Saudi Open Round 2 <br>"",","","https://ausportguide.com/live-sports-tv-guide/thu"
"thu","Golf","USA","11:30AM","const cnf18 = {","name: "Chicago Blackhawks - New York Rangers",","description: ""Chicago Blackhawks - New York Rangers NHL <br>"",","","https://ausportguide.com/live-sports-tv-guide/thu"
"thu","Golf","New York RangersNew York Rangers X Chicago Blackhawks | Nhl","12:30PM","const cnf19 = {","name: "Calgary Flames - Detroit Red Wings",","description: ""Calgary Flames - Detroit Red Wings NHL <br>"",","","https://ausportguide.com/live-sports-tv-guide/thu"
"thu","Golf","Detroit Red WingsDetroit Red Wings Vs. Calgary Flames | Nhl","1:00PM","const cnf20 = {","name: "Utah Mammoth - Florida Panthers",","description: ""Utah Mammoth - Florida Panthers NHL <br>"",","","https://ausportguide.com/live-sports-tv-guide/thu"
"thu","Golf","Florida PanthersFlorida Panthers Vs. Utah Mammoth | Nhl","2:00PM","const cnf21 = {","name: "Seattle Kraken - Los Angeles Kings",","description: ""Seattle Kraken - Los Angeles Kings NHL <br>"",","","https://ausportguide.com/live-sports-tv-guide/thu"
"thu","Golf","Premier Padel","11:00PM","const cnf22 = {","name: "Barcelona Finals QF Day 1",","description: ""Barcelona Finals QF Day 1 Premier Padel <br>"",","","https://ausportguide.com/live-sports-tv-guide/thu"
"fri","Soccer","Australia","7:35PM","const cnf0 = {","name: "Macarthur FC - Melbourne Victory",","description: ""Macarthur FC - Melbourne Victory A-league <br>Paramount  Australia, Paramount  Australia"",","","https://ausportguide.com/live-sports-tv-guide/fri"
"fri","Soccer","Melbourne VictoryMacarthur Fc - Melbourne Victory, A-league","9:45PM","const cnf1 = {","name: "Perth Glory - WS Wanderers",","description: ""Perth Glory - WS Wanderers A-league <br>Paramount  Australia, Paramount  Australia"",","","https://ausportguide.com/live-sports-tv-guide/fri"
"fri","Soccer","Australia","7:00PM","const cnf2 = {","name: "Melbourne Victory W - Canberra W",","description: ""Melbourne Victory W - Canberra W Ninja A-League <br>10 play, 10 play, Paramount  Australia"",","","https://ausportguide.com/live-sports-tv-guide/fri"
"fri","Cricket","Australia","10:30AM","const cnf3 = {","name: "New South Wales - Queensland Bulls",","description: ""New South Wales - Queensland Bulls Sheffield Shield <br>Kayo Sports, Kayo Sports"",","","https://ausportguide.com/live-sports-tv-guide/fri"
"fri","Cricket","Queensland BullsNew South Wales V Queensland - Day 4 | Sheffield Shield","11:30AM","const cnf4 = {","name: "South Australia - Tasmanian Tigers",","description: ""South Australia - Tasmanian Tigers Sheffield Shield <br>Kayo Sports, Kayo Sports"",","","https://ausportguide.com/live-sports-tv-guide/fri"
"fri","Cricket","Australia","10:40AM","const cnf5 = {","name: "Melbourne Renegades W - Sydney Sixers W",","description: ""Melbourne Renegades W - Sydney Sixers W Big Bash League Women <br>Channel 7 Sydney, Channel 7 Sydney, Channel 7 Melbourne, 7plus Sport"",","","https://ausportguide.com/live-sports-tv-guide/fri"
"fri","Cricket","Sydney Sixers WMelbourne Renegades Vs Sydney Sixers | Women's Big Bash League","7:10PM","const cnf6 = {","name: "Adelaide W - Hobart W",","description: ""Adelaide W - Hobart W Big Bash League Women <br>Fox Sports 505, Fox Sports 505, Kayo Sports"",","","https://ausportguide.com/live-sports-tv-guide/fri"
"fri","Cricket","Twenty20 International Women","11:00PM","const cnf7 = {","name: "South Africa W - Ireland W",","description: ""South Africa W - Ireland W Twenty20 International Women <br>Kayo Sports, Kayo Sports"",","","https://ausportguide.com/live-sports-tv-guide/fri"
"fri","Basketball","USA","11:00AM","const cnf8 = {","name: "Philadelphia 76ers - Golden State Warriors",","description: ""Philadelphia 76ers - Golden State Warriors NBA <br>NBA League Pass, NBA League Pass"",","","https://ausportguide.com/live-sports-tv-guide/fri"
"fri","Basketball","Golden State WarriorsPhiladelphia 76ers - Golden State Warriors, Nba","11:00AM","const cnf9 = {","name: "Washington Wizards - Boston Celtics",","description: ""Washington Wizards - Boston Celtics NBA <br>NBA League Pass, NBA League Pass"",","","https://ausportguide.com/live-sports-tv-guide/fri"
"fri","Basketball","Boston CelticsWashington Wizards - Boston Celtics, Nba","11:30AM","const cnf10 = {","name: "Brooklyn Nets - Utah Jazz",","description: ""Brooklyn Nets - Utah Jazz NBA <br>NBA League Pass, NBA League Pass"",","","https://ausportguide.com/live-sports-tv-guide/fri"
"fri","Basketball","Utah JazzBrooklyn Nets - Utah Jazz, Nba","11:30AM","const cnf11 = {","name: "Toronto Raptors - Los Angeles Lakers",","description: ""Toronto Raptors - Los Angeles Lakers NBA <br>NBA League Pass, NBA League Pass, Kayo Sports"",","","https://ausportguide.com/live-sports-tv-guide/fri"
"fri","Basketball","Los Angeles LakersToronto Raptors - Los Angeles Lakers, Nba","12:00PM","const cnf12 = {","name: "New Orleans Pelicans - Minnesota Timberwolves",","description: ""New Orleans Pelicans - Minnesota Timberwolves NBA <br>NBA League Pass, NBA League Pass"",","","https://ausportguide.com/live-sports-tv-guide/fri"
"fri","Basketball","Australia","7:30PM","const cnf13 = {","name: "Adelaide - Brisbane Bullets",","description: ""Adelaide - Brisbane Bullets NBL <br>ESPN, ESPN, Kayo Sports"",","","https://ausportguide.com/live-sports-tv-guide/fri"
"fri","Basketball","USA","9:00AM","const cnf14 = {","name: "ACC/SEC Challenge: Virginia Tech v Florida6",","description: ""ACC/SEC Challenge: Virginia Tech v Florida6 NCAA Women's Basketball <br>Kayo Sports, Kayo Sports"",","","https://ausportguide.com/live-sports-tv-guide/fri"
"fri","Basketball","Australia","5:30PM","const cnf15 = {","name: "Bendigo W - Melbourne Boomers W",","description: ""Bendigo W - Melbourne Boomers W WNBL Women <br>ESPN2, ESPN2, Kayo Sports"",","","https://ausportguide.com/live-sports-tv-guide/fri"
"fri","Basketball","Melbourne Boomers WBendigo Spirit Vs. Geelong Venom | Women's National Basketball League","9:30PM","const cnf16 = {","name: "Perth Lynx W - Southside W",","description: ""Perth Lynx W - Southside W WNBL Women <br>ESPN, ESPN, Kayo Sports"",","","https://ausportguide.com/live-sports-tv-guide/fri"
"fri","Motorsport","Formula 1","8:00PM","const cnf17 = {","name: "F1: Abu Dhabi Practice 1",","description: ""F1: Abu Dhabi Practice 1 Abu Dhabi Practice 1 <br>Fox Sports 506, Fox Sports 506, Kayo Sports"",","","https://ausportguide.com/live-sports-tv-guide/fri"
"fri","Motorsport","Abu Dhabi Practice 1","11:45PM","const cnf18 = {","name: "F1: Abu Dhabi Practice 2",","description: ""F1: Abu Dhabi Practice 2 Abu Dhabi Practice 2 <br>Fox Sports 506, Fox Sports 506, Kayo Sports"",","","https://ausportguide.com/live-sports-tv-guide/fri"
"fri","Motorsport","Formula 2","9:55PM","const cnf19 = {","name: "F2 Qualifying: Abu Dhabi",","description: ""F2 Qualifying: Abu Dhabi Abu Dhabi <br>Fox Sports 506, Fox Sports 506, Kayo Sports"",","","https://ausportguide.com/live-sports-tv-guide/fri"
"fri","Golf","South Africa","8:00PM","const cnf20 = {","name: "Golf: Nedbank Golf Challenge R2",","description: ""Golf: Nedbank Golf Challenge R2 Nedbank Golf Challenge R2 <br>Fox Sports More , Fox Sports More , Kayo Sports"",","","https://ausportguide.com/live-sports-tv-guide/fri"
"fri","Golf","Australia","12:00PM","const cnf21 = {","name: "Crown Australian Open, Second Round",","description: ""Crown Australian Open, Second Round Golf <br>Channel 9 Sydney, Channel 9 Sydney, Channel 9 Melbourne, Fox Sports 503"",","","https://ausportguide.com/live-sports-tv-guide/fri"
"fri","American Football","USA","12:15PM","const cnf22 = {","name: "Detroit Lions - Dallas Cowboys",","description: ""Detroit Lions - Dallas Cowboys NFL <br>7Mate Sydney, 7Mate Sydney, 7Mate Melbourne, ESPN"",","","https://ausportguide.com/live-sports-tv-guide/fri"
"fri","American Football","USA","11:00AM","const cnf23 = {","name: "Tampa Bay Lightning - Pittsburgh Penguins",","description: ""Tampa Bay Lightning - Pittsburgh Penguins NHL <br>WatchESPN, WatchESPN"",","","https://ausportguide.com/live-sports-tv-guide/fri"
"fri","American Football","Pittsburgh PenguinsPittsburgh Penguins Vs. Tampa Bay Lightning | Nhl","11:00AM","const cnf24 = {","name: "Ottawa Senators - New York Rangers",","description: ""Ottawa Senators - New York Rangers NHL <br>WatchESPN, WatchESPN"",","","https://ausportguide.com/live-sports-tv-guide/fri"
"fri","American Football","New York RangersNew York Rangers Vs. Ottawa Senators | Nhl","1:00PM","const cnf25 = {","name: "Calgary Flames - Minnesota Wild",","description: ""Calgary Flames - Minnesota Wild NHL <br>WatchESPN, WatchESPN"",","","https://ausportguide.com/live-sports-tv-guide/fri"
"fri","American Football","Minnesota WildMinnesota Wild Vs. Calgary Flames | Nhl","2:00PM","const cnf26 = {","name: "Los Angeles Kings - Chicago Blackhawks",","description: ""Los Angeles Kings - Chicago Blackhawks NHL <br>ESPN2, ESPN2, Kayo Sports"",","","https://ausportguide.com/live-sports-tv-guide/fri"
"fri","American Football","China","12:40PM","const cnf27 = {","name: "The Snow League: China Day 2",","description: ""The Snow League: China Day 2 China Day 2 <br>Fox Sports More , Fox Sports More , Kayo Sports"",","","https://ausportguide.com/live-sports-tv-guide/fri"
"fri","American Football","World Athletics Championships","12:45PM","const cnf28 = {","name: "HOKA Chiang Mai - Day 1",","description: ""HOKA Chiang Mai - Day 1 Watch the latest UTMB trail running action. - UTMB Trail Running World Series <br>DAZN, DAZN"",","","https://ausportguide.com/live-sports-tv-guide/fri"
"sat","Soccer","Spain","7:00AM","const cnf0 = {","name: "Real Oviedo - Mallorca",","description: ""Real Oviedo - Mallorca La Liga <br>beIN SPORTS 3, beIN SPORTS 3, beIN Sports Connect"",","","https://ausportguide.com/live-sports-tv-guide/sat"
"sat","Soccer","Germany","6:30AM","const cnf1 = {","name: "Mainz - Borussia Monchengladbach",","description: ""Mainz - Borussia Monchengladbach Bundesliga <br>beIN SPORTS 1, beIN SPORTS 1, beIN Sports Connect"",","","https://ausportguide.com/live-sports-tv-guide/sat"
"sat","Soccer","Japan","4:00PM","const cnf2 = {","name: "Kyoto - Kobe",","description: ""Kyoto - Kobe J-League <br>Stan Sport, Stan Sport"",","","https://ausportguide.com/live-sports-tv-guide/sat"
"sat","Soccer","KobeKyoto Sanga V Vissel Kobe - J.league 2025","4:00PM","const cnf3 = {","name: "Kashiwa - Machida",","description: ""Kashiwa - Machida J-League <br>Stan Sport, Stan Sport"",","","https://ausportguide.com/live-sports-tv-guide/sat"
"sat","Soccer","MachidaKashiwa V Machida Zelvia - J.league 2025","4:00PM","const cnf4 = {","name: "Cerezo Osaka - Yokohama FC",","description: ""Cerezo Osaka - Yokohama FC J-League <br>Stan Sport, Stan Sport"",","","https://ausportguide.com/live-sports-tv-guide/sat"
"sat","Soccer","Yokohama FCCerezo Osaka V Yokohama Fc - J.league 2025","4:00PM","const cnf5 = {","name: "Kashima - Yokohama Marines",","description: ""Kashima - Yokohama Marines J-League <br>Stan Sport, Stan Sport"",","","https://ausportguide.com/live-sports-tv-guide/sat"
"sat","Soccer","Turkey","4:00AM","const cnf6 = {","name: "Galatasaray - Samsunspor",","description: ""Galatasaray - Samsunspor Super Lig <br>beIN Sports Connect, beIN Sports Connect"",","","https://ausportguide.com/live-sports-tv-guide/sat"
"sat","Soccer","England","11:30PM","const cnf7 = {","name: "Aston Villa - Arsenal",","description: ""Aston Villa - Arsenal Premier League <br>Stan Sport, Stan Sport"",","","https://ausportguide.com/live-sports-tv-guide/sat"
"sat","Soccer","Australia","3:00PM","const cnf8 = {","name: "Auckland FC - Wellington Phoenix",","description: ""Auckland FC - Wellington Phoenix A-league <br>SBS Melbourne, SBS Melbourne, Paramount  Australia, SBS Queensland"",","","https://ausportguide.com/live-sports-tv-guide/sat"
"sat","Soccer","Wellington PhoenixFinal: South Melbourne Vs. Marconi Stallions | Australian Championship","5:00PM","const cnf9 = {","name: "Newcastle Jets - Melbourne City",","description: ""Newcastle Jets - Melbourne City A-league <br>10 BOLD, 10 BOLD, 10 play, Paramount  Australia"",","","https://ausportguide.com/live-sports-tv-guide/sat"
"sat","Soccer","Melbourne CityA-league Men | Tune In And Catch All The Round 7 Action Of The 2025 Isuzu Ute A-league, As Newcastle Jets Take On Melbourne City At Mcdonald Jones Stadium, Newcastle. Kick-off At 5:00pm (aedt).","7:35PM","const cnf10 = {","name: "Central Coast Mariners - Sydney FC",","description: ""Central Coast Mariners - Sydney FC A-league <br>10 BOLD, 10 BOLD, Paramount  Australia"",","","https://ausportguide.com/live-sports-tv-guide/sat"
"sat","Soccer","Germany","4:30AM","const cnf11 = {","name: "Preussen Munster - Hannover",","description: ""Preussen Munster - Hannover 2. Bundesliga <br>beIN SPORTS 2, beIN SPORTS 2, beIN Sports Connect"",","","https://ausportguide.com/live-sports-tv-guide/sat"
"sat","Soccer","HannoverPrussia Munster Vs Hannover | Tune In For The Coverage Of 2025/26 Bundesliga 2, Where Some Of The Most Prominent Teams In German Football Are Vying For A Coveted Spot In The Bundesliga.tune In For The Coverage Of 2025/26 Bundesliga 2, Where Some Of The Most Prominent Teams In German Football Are Vying For A Coveted Spot In The Bundesliga.","4:30AM","const cnf12 = {","name: "Dusseldorf - Schalke",","description: ""Dusseldorf - Schalke 2. Bundesliga <br>beIN SPORTS 3, beIN SPORTS 3, beIN Sports Connect"",","","https://ausportguide.com/live-sports-tv-guide/sat"
"sat","Soccer","SchalkeDusseldorf Vs Schalke | Tune In For The Coverage Of 2025/26 Bundesliga 2, Where Some Of The Most Prominent Teams In German Football Are Vying For A Coveted Spot In The Bundesliga.tune In For The Coverage Of 2025/26 Bundesliga 2, Where Some Of The Most Prominent Teams In German Football Are Vying For A Coveted Spot In The Bundesliga.","11:00PM","const cnf13 = {","name: "Bochum - Arminia Bielefeld",","description: ""Bochum - Arminia Bielefeld 2. Bundesliga <br>beIN Sports Connect, beIN Sports Connect"",","","https://ausportguide.com/live-sports-tv-guide/sat"
"sat","Soccer","Arminia BielefeldBochum Vs Bielefeld | Bundesliga 2","11:00PM","const cnf14 = {","name: "Kaiserslautern - SG Dynamo Dresden",","description: ""Kaiserslautern - SG Dynamo Dresden 2. Bundesliga <br>beIN Sports Connect, beIN Sports Connect"",","","https://ausportguide.com/live-sports-tv-guide/sat"
"sat","Soccer","SG Dynamo DresdenKaiserslautern Vs Dynamo Dresden | Bundesliga 2","11:00PM","const cnf15 = {","name: "Paderborn - Elversberg",","description: ""Paderborn - Elversberg 2. Bundesliga <br>beIN Sports Connect, beIN Sports Connect"",","","https://ausportguide.com/live-sports-tv-guide/sat"
"sat","Soccer","England","7:00AM","const cnf16 = {","name: "Hull City - Middlesbrough",","description: ""Hull City - Middlesbrough Championship <br>beIN SPORTS 2, beIN SPORTS 2, beIN Sports Connect"",","","https://ausportguide.com/live-sports-tv-guide/sat"
"sat","Soccer","MiddlesbroughHull Vs Middlesbrough | The Efl Championship 2025/26 Season Sees Some Of Biggest Teams In English Football Compete Fiercely For A Spot In The Premier League.","11:30PM","const cnf17 = {","name: "Derby County - Leicester",","description: ""Derby County - Leicester Championship <br>beIN Sports Connect, beIN Sports Connect, beIN SPORTS 2"",","","https://ausportguide.com/live-sports-tv-guide/sat"
"sat","Soccer","England","11:30PM","const cnf18 = {","name: "Morecambe - Boston",","description: ""Morecambe - Boston National League <br>DAZN, DAZN"",","","https://ausportguide.com/live-sports-tv-guide/sat"
"sat","Soccer","USA","10:00AM","const cnf19 = {","name: "#3 Florida State vs. #2 TCU (Semifinal #1)",","description: ""#3 Florida State vs. #2 TCU (Semifinal #1) NCAA Women's Soccer <br>ESPN2, ESPN2, Kayo Sports"",","","https://ausportguide.com/live-sports-tv-guide/sat"
"sat","Soccer","NCAA Women's Soccer","4:00PM","const cnf20 = {","name: "#3 Florida State vs. #2 TCU (Semifinal #1)",","description: ""#3 Florida State vs. #2 TCU (Semifinal #1) NCAA Women's Soccer <br>ESPN2, ESPN2"",","","https://ausportguide.com/live-sports-tv-guide/sat"
"sat","Soccer","Australia","5:00PM","const cnf21 = {","name: "Central Coast Mariners W - Newcastle W",","description: ""Central Coast Mariners W - Newcastle W Ninja A-League <br>Paramount  Australia, Paramount  Australia"",","","https://ausportguide.com/live-sports-tv-guide/sat"
"sat","Soccer","Spain","10:00PM","const cnf22 = {","name: "Atletico Madrid W - Sevilla FC W",","description: ""Atletico Madrid W - Sevilla FC W Primera Division Women <br>DAZN, DAZN"",","","https://ausportguide.com/live-sports-tv-guide/sat"
"sat","Soccer","Italy","10:30PM","const cnf23 = {","name: "Napoli W - AC Milan W",","description: ""Napoli W - AC Milan W Serie A Woman <br>DAZN, DAZN"",","","https://ausportguide.com/live-sports-tv-guide/sat"
"sat","Soccer","England","11:00PM","const cnf24 = {","name: "Arsenal W - Liverpool W",","description: ""Arsenal W - Liverpool W FA WSL <br>Stan Sport, Stan Sport"",","","https://ausportguide.com/live-sports-tv-guide/sat"
"sat","Cricket","One Day International","7:00PM","const cnf25 = {","name: "India - South Africa",","description: ""India - South Africa One Day International <br>Fox Sports 505, Fox Sports 505, Fox Sports More , Kayo Sports"",","","https://ausportguide.com/live-sports-tv-guide/sat"
"sat","Cricket","Australia","11:00AM","const cnf26 = {","name: "Melbourne Stars W - Sydney Thunder W",","description: ""Melbourne Stars W - Sydney Thunder W Big Bash League Women <br>Fox Cricket, Fox Cricket, Kayo Sports"",","","https://ausportguide.com/live-sports-tv-guide/sat"
"sat","Cricket","Sydney Thunder WWbbl: Stars V Thunder In1 | Stars V Thunder In1","7:10PM","const cnf27 = {","name: "Perth W - Brisbane W",","description: ""Perth W - Brisbane W Big Bash League Women <br>Fox Sports 505, Fox Sports 505, Kayo Sports"",","","https://ausportguide.com/live-sports-tv-guide/sat"
"sat","Basketball","USA","11:00AM","const cnf28 = {","name: "Boston Celtics - Los Angeles Lakers",","description: ""Boston Celtics - Los Angeles Lakers NBA <br>NBA League Pass, NBA League Pass"",","","https://ausportguide.com/live-sports-tv-guide/sat"
"sat","Basketball","Los Angeles LakersBoston Celtics - Los Angeles Lakers, Nba","11:00AM","const cnf29 = {","name: "Orlando Magic - Miami Heat",","description: ""Orlando Magic - Miami Heat NBA <br>NBA League Pass, NBA League Pass"",","","https://ausportguide.com/live-sports-tv-guide/sat"
"sat","Basketball","Miami HeatOrlando Magic - Miami Heat, Nba","11:30AM","const cnf30 = {","name: "Detroit Pistons - Portland Trail Blazers",","description: ""Detroit Pistons - Portland Trail Blazers NBA <br>NBA League Pass, NBA League Pass"",","","https://ausportguide.com/live-sports-tv-guide/sat"
"sat","Basketball","Portland Trail BlazersDetroit Pistons - Portland Trail Blazers, Nba","11:30AM","const cnf31 = {","name: "New York Knicks - Utah Jazz",","description: ""New York Knicks - Utah Jazz NBA <br>NBA League Pass, NBA League Pass"",","","https://ausportguide.com/live-sports-tv-guide/sat"
"sat","Basketball","Utah JazzNew York Knicks - Utah Jazz, Nba","11:30AM","const cnf32 = {","name: "Toronto Raptors - Charlotte Hornets",","description: ""Toronto Raptors - Charlotte Hornets NBA <br>NBA League Pass, NBA League Pass"",","","https://ausportguide.com/live-sports-tv-guide/sat"
"sat","Basketball","Charlotte HornetsToronto Raptors - Charlotte Hornets, Nba","11:30AM","const cnf33 = {","name: "Atlanta Hawks - Denver Nuggets",","description: ""Atlanta Hawks - Denver Nuggets NBA <br>NBA League Pass, NBA League Pass"",","","https://ausportguide.com/live-sports-tv-guide/sat"
"sat","Basketball","Denver NuggetsAtlanta Hawks - Denver Nuggets, Nba","11:30AM","const cnf34 = {","name: "Cleveland Cavaliers - San Antonio Spurs",","description: ""Cleveland Cavaliers - San Antonio Spurs NBA <br>NBA League Pass, NBA League Pass"",","","https://ausportguide.com/live-sports-tv-guide/sat"
"sat","Basketball","San Antonio SpursCleveland Cavaliers - San Antonio Spurs, Nba","12:00PM","const cnf35 = {","name: "Chicago Bulls - Indiana Pacers",","description: ""Chicago Bulls - Indiana Pacers NBA <br>NBA League Pass, NBA League Pass"",","","https://ausportguide.com/live-sports-tv-guide/sat"
"sat","Basketball","Indiana PacersChicago Bulls - Indiana Pacers, Nba","12:00PM","const cnf36 = {","name: "Houston Rockets - Phoenix Suns",","description: ""Houston Rockets - Phoenix Suns NBA <br>NBA League Pass, NBA League Pass"",","","https://ausportguide.com/live-sports-tv-guide/sat"
"sat","Basketball","Phoenix SunsHouston Rockets - Phoenix Suns, Nba","12:00PM","const cnf37 = {","name: "Memphis Grizzlies - Los Angeles Clippers",","description: ""Memphis Grizzlies - Los Angeles Clippers NBA <br>NBA League Pass, NBA League Pass"",","","https://ausportguide.com/live-sports-tv-guide/sat"
"sat","Basketball","Los Angeles ClippersMemphis Grizzlies - Los Angeles Clippers, Nba","12:00PM","const cnf38 = {","name: "Milwaukee Bucks - Philadelphia 76ers",","description: ""Milwaukee Bucks - Philadelphia 76ers NBA <br>NBA League Pass, NBA League Pass"",","","https://ausportguide.com/live-sports-tv-guide/sat"
"sat","Basketball","Philadelphia 76ersMilwaukee Bucks - Philadelphia 76ers, Nba","1:30PM","const cnf39 = {","name: "Oklahoma City Thunder - Dallas Mavericks",","description: ""Oklahoma City Thunder - Dallas Mavericks NBA <br>NBA League Pass, NBA League Pass"",","","https://ausportguide.com/live-sports-tv-guide/sat"
"sat","Basketball","United Kingdom","6:30AM","const cnf40 = {","name: "Bristol Flyers - Manchester Basketball",","description: ""Bristol Flyers - Manchester Basketball SLB <br>DAZN, DAZN"",","","https://ausportguide.com/live-sports-tv-guide/sat"
"sat","Basketball","Manchester BasketballBristol Flyers Vs. Manchester Basketball | Watch The Latest Super League Basketball Action Between Bristol Flyers And Manchester Basketball. - Super League Basketball","6:30AM","const cnf41 = {","name: "Sheffield Sharks - Newcastle Eagles",","description: ""Sheffield Sharks - Newcastle Eagles SLB <br>DAZN, DAZN"",","","https://ausportguide.com/live-sports-tv-guide/sat"
"sat","Basketball","Australia","5:30PM","const cnf42 = {","name: "New Zealand Breakers - Tasmania JackJumpers",","description: ""New Zealand Breakers - Tasmania JackJumpers NBL <br>ESPN, ESPN, Kayo Sports"",","","https://ausportguide.com/live-sports-tv-guide/sat"
"sat","Basketball","Tasmania JackJumpersNew Zealand Breakers Vs. Tasmania Jackjumpers | National Basketball League","8:00PM","const cnf43 = {","name: "Illawarra Hawks - Cairns",","description: ""Illawarra Hawks - Cairns NBL <br>ESPN, ESPN, Kayo Sports"",","","https://ausportguide.com/live-sports-tv-guide/sat"
"sat","Basketball","Australia","7:00PM","const cnf44 = {","name: "Townsville W - Sydney W",","description: ""Townsville W - Sydney W WNBL Women <br>ESPN2, ESPN2, Kayo Sports"",","","https://ausportguide.com/live-sports-tv-guide/sat"
"sat","Rugby Union","Seven's World Series Women","7:00PM","const cnf45 = {","name: "Japan 7s W - Canada 7s W",","description: ""Japan 7s W - Canada 7s W Seven's World Series Women <br>"",","","https://ausportguide.com/live-sports-tv-guide/sat"
"sat","Motorsport","Formula 1","9:15PM","const cnf46 = {","name: "F1: Abu Dhabi Practice 3",","description: ""F1: Abu Dhabi Practice 3 Abu Dhabi Practice 3 <br>Fox Sports 506, Fox Sports 506, Kayo Sports"",","","https://ausportguide.com/live-sports-tv-guide/sat"
"sat","Motorsport","Australia","3:00PM","const cnf47 = {","name: "NDRC Nitro Funny Cars",","description: ""NDRC Nitro Funny Cars <b>Australian National Drag Racing</b> <br>7Mate Sydney, 7Mate Sydney, 7Mate Melbourne, 7mate Adelaide"",","","https://ausportguide.com/live-sports-tv-guide/sat"
"sat","Motorsport","Formula 2","11:10PM","const cnf48 = {","name: "F2: Abu Dhabi Sprint Race",","description: ""F2: Abu Dhabi Sprint Race Abu Dhabi Sprint Race <br>Fox Sports 506, Fox Sports 506, Kayo Sports"",","","https://ausportguide.com/live-sports-tv-guide/sat"
"sat","Motorsport","Formula E","6:25AM","const cnf49 = {","name: "Free Practice 1: São Paulo - Formula E 2025/26",","description: ""Free Practice 1: São Paulo - Formula E 2025/26 <b>Formula E</b> <br>Stan Sport, Stan Sport"",","","https://ausportguide.com/live-sports-tv-guide/sat"
"sat","Motorsport","Formula E","9:25PM","const cnf50 = {","name: "Free Practice 2: São Paulo - Formula E 2025/26",","description: ""Free Practice 2: São Paulo - Formula E 2025/26 <b>Formula E</b> <br>Stan Sport, Stan Sport"",","","https://ausportguide.com/live-sports-tv-guide/sat"
"sat","Motorsport","Formula E","11:30PM","const cnf51 = {","name: "Qualifying: São Paulo - Formula E 2025/26",","description: ""Qualifying: São Paulo - Formula E 2025/26 <b>Formula E</b> <br>Stan Sport, Stan Sport"",","","https://ausportguide.com/live-sports-tv-guide/sat"
"sat","Golf","South Africa","5:30AM","const cnf52 = {","name: "USPGA: Hero World Challenge R2",","description: ""USPGA: Hero World Challenge R2 Hero World Challenge R2 <br>Fox Sports More , Fox Sports More , Kayo Sports"",","","https://ausportguide.com/live-sports-tv-guide/sat"
"sat","Golf","Hero World Challenge R2","10:30PM","const cnf53 = {","name: "Golf: Nedbank Golf Challenge R3",","description: ""Golf: Nedbank Golf Challenge R3 Nedbank Golf Challenge R3 <br>Fox Sports More , Fox Sports More "",","","https://ausportguide.com/live-sports-tv-guide/sat"
"sat","Golf","Australia","12:00PM","const cnf54 = {","name: "Crown Australian Open, Third Round",","description: ""Crown Australian Open, Third Round Golf <br>Channel 9 Sydney, Channel 9 Sydney, Channel 9 Melbourne, Fox Sports 503"",","","https://ausportguide.com/live-sports-tv-guide/sat"
"sat","Golf","World Champions Cup","1:30AM","const cnf55 = {","name: "Golf: PGA Tour Champions",","description: ""Golf: PGA Tour Champions World Champions Cup Day 2 <br>Fox Sports More , Fox Sports More "",","","https://ausportguide.com/live-sports-tv-guide/sat"
"sat","Golf","Professional Fighters League","7:00AM","const cnf56 = {","name: "Mohammad Alaqraa - Badreddine Diani",","description: ""Mohammad Alaqraa - Badreddine Diani Professional Fighters League <br>Stan Sport, Stan Sport"",","","https://ausportguide.com/live-sports-tv-guide/sat"
"sat","Golf","Asia","11:00PM","const cnf57 = {","name: "RWS: Chiebkhad vs. Ronnachai",","description: ""RWS: Chiebkhad vs. Ronnachai The Rajadamnern Stadium plays host to the latest round of RWS action. - RWS Muay Thai <br>DAZN, DAZN"",","","https://ausportguide.com/live-sports-tv-guide/sat"
"sat","Snooker","Mosconi Cup","5:30AM","const cnf58 = {","name: "Mosconi Cup Pool: Day 3",","description: ""Mosconi Cup Pool: Day 3 Day 3 <br>Fox Sports 506, Fox Sports 506, Kayo Sports"",","","https://ausportguide.com/live-sports-tv-guide/sat"
"sat","American Football","USA","11:00AM","const cnf59 = {","name: "Troy - James Madison",","description: ""Troy - James Madison NCAA FBS <br>ESPN, ESPN, Kayo Sports"",","","https://ausportguide.com/live-sports-tv-guide/sat"
"sat","American Football","James MadisonTroy Vs. #25 James Madison (championship) | Ncaa Football","12:00PM","const cnf60 = {","name: "North Texas - Tulane",","description: ""North Texas - Tulane NCAA FBS <br>ESPN2, ESPN2, Kayo Sports"",","","https://ausportguide.com/live-sports-tv-guide/sat"
"sat","American Football","Tulane#24 North Texas Vs. #20 Tulane (championship) | Ncaa Football","12:00PM","const cnf61 = {","name: "UNLV Rebels - Boise State",","description: ""UNLV Rebels - Boise State NCAA FBS <br>DAZN, DAZN"",","","https://ausportguide.com/live-sports-tv-guide/sat"
"sat","American Football","USA","11:00AM","const cnf62 = {","name: "New Jersey Devils - Vegas Golden Knights",","description: ""New Jersey Devils - Vegas Golden Knights NHL <br>WatchESPN, WatchESPN"",","","https://ausportguide.com/live-sports-tv-guide/sat"
"sat","American Football","Vegas Golden KnightsVegas Golden Knights Vs. New Jersey Devils | Nhl","12:00PM","const cnf63 = {","name: "Dallas Stars - San Jose Sharks",","description: ""Dallas Stars - San Jose Sharks NHL <br>WatchESPN, WatchESPN"",","","https://ausportguide.com/live-sports-tv-guide/sat"
"sat","American Football","San Jose SharksSan Jose Sharks Vs. Dallas Stars | Nhl","1:00PM","const cnf64 = {","name: "Vancouver Canucks - Utah Mammoth",","description: ""Vancouver Canucks - Utah Mammoth NHL <br>WatchESPN, WatchESPN"",","","https://ausportguide.com/live-sports-tv-guide/sat"
"sat","American Football","Utah MammothUtah Mammoth Vs. Vancouver Canucks | Nhl","2:00PM","const cnf65 = {","name: "Anaheim Ducks - Washington Capitals",","description: ""Anaheim Ducks - Washington Capitals NHL <br>WatchESPN, WatchESPN, ESPN, Kayo Sports"",","","https://ausportguide.com/live-sports-tv-guide/sat"
"sat","American Football","China","12:40PM","const cnf66 = {","name: "The Snow League: China Final Day",","description: ""The Snow League: China Final Day China Final Day <br>Fox Sports More , Fox Sports More , Kayo Sports"",","","https://ausportguide.com/live-sports-tv-guide/sat"
"sat","American Football","World Athletics Championships","10:45AM","const cnf67 = {","name: "HOKA Chiang Mai - Day 2",","description: ""HOKA Chiang Mai - Day 2 Watch the latest UTMB trail running action from Chiang Mai, Thailand. - UTMB Trail Running World Series <br>"",","","https://ausportguide.com/live-sports-tv-guide/sat"
"sat","American Football","Seminole Hard Rock Hotel and Casino | Hollywood, FL (Bareknuckle Fighting LLC)","12:00PM","const cnf68 = {","name: "Austin Trout - Luis Palomino",","description: ""Austin Trout - Luis Palomino  <br>TrillerTV Plus, TrillerTV Plus, TrillerTV, Main Event"",","","https://ausportguide.com/live-sports-tv-guide/sat"
"sat","American Football","Luis PalominoBkfc 85 Hollywood: Prelims","4:00PM","const cnf69 = {","name: "Jack Gregory - Hayden Emmerson",","description: ""Jack Gregory - Hayden Emmerson  <br>Stan Sport, Stan Sport"",","","https://ausportguide.com/live-sports-tv-guide/sat"
"sat","American Football","Hayden EmmersonJack Gregory Vs Hayden Emmerson | Super Middleweight - Gold Coast | Queensland","5:00PM","const cnf70 = {","name: "Justis Huni - Kiki Toa Leutele",","description: ""Justis Huni - Kiki Toa Leutele  <br>Stan Sport, Stan Sport"",","","https://ausportguide.com/live-sports-tv-guide/sat"
"sat","American Football","Kiki Toa LeuteleJustis Huni Vs Kiki Toa Leutele | Heavyweight - Gold Coast | Queensland","6:00PM","const cnf71 = {","name: "Jake Wyllie - Paul Fleming",","description: ""Jake Wyllie - Paul Fleming  <br>Stan Sport, Stan Sport"",","","https://ausportguide.com/live-sports-tv-guide/sat"
"sat","American Football","Paul FlemingJake Wyllie Vs Paul Fleming | Super Lightweight - Gold Coast | Queensland","7:00PM","const cnf72 = {","name: "Ben Mahoney - Winston Hill",","description: ""Ben Mahoney - Winston Hill  <br>Stan Sport, Stan Sport"",","","https://ausportguide.com/live-sports-tv-guide/sat"
"sat","American Football","Winston HillBen Mahoney Vs Winston Hill | Super Welterweight - Gold Coast | Queensland","7:00PM","const cnf73 = {","name: "Vladislav Khotenov - Khashaiar Ghassemi",","description: ""Vladislav Khotenov - Khashaiar Ghassemi  <br>DAZN, DAZN"",","","https://ausportguide.com/live-sports-tv-guide/sat"
"sat","American Football","Khashaiar GhassemiKhotenov Vs. Ghassemi | Dream Boxing Returns To Thailand, With An Explosive Card Of Fights Hosted In Phuket - Live On Dazn. - Dream Boxing","8:00PM","const cnf74 = {","name: "Jai Opetaia - Huseyin Cinkara",","description: ""Jai Opetaia - Huseyin Cinkara  <br>Stan Sport, Stan Sport"",","","https://ausportguide.com/live-sports-tv-guide/sat"
"sun","Soccer","Spain","12:00AM","const cnf0 = {","name: "Villarreal - Getafe",","description: ""Villarreal - Getafe La Liga <br>beIN Sports Connect, beIN Sports Connect"",","","https://ausportguide.com/live-sports-tv-guide/sun"
"sun","Soccer","GetafeVillarreal Vs Getafe | Laliga","2:15AM","const cnf1 = {","name: "Alaves - Real Sociedad",","description: ""Alaves - Real Sociedad La Liga <br>beIN Sports Connect, beIN Sports Connect"",","","https://ausportguide.com/live-sports-tv-guide/sun"
"sun","Soccer","Real SociedadAlaves Vs Real Sociedad | Laliga","4:30AM","const cnf2 = {","name: "Real Betis - Barcelona",","description: ""Real Betis - Barcelona La Liga <br>beIN SPORTS 2, beIN SPORTS 2, beIN Sports Connect"",","","https://ausportguide.com/live-sports-tv-guide/sun"
"sun","Soccer","BarcelonaReal Betis Vs Barcelona | Extensive Coverage From Every Round Of The Spanish Laliga, Spain's Top Division Of Football With The World's Biggest Teams.extensive Coverage From Every Round Of The Spanish Laliga, Spain's Top Division Of Football With The World's Biggest Teams.","7:00AM","const cnf3 = {","name: "Athletic Bilbao - Atletico Madrid",","description: ""Athletic Bilbao - Atletico Madrid La Liga <br>beIN SPORTS 2, beIN SPORTS 2, beIN Sports Connect"",","","https://ausportguide.com/live-sports-tv-guide/sun"
"sun","Soccer","Italy","1:00AM","const cnf4 = {","name: "Sassuolo - Fiorentina",","description: ""Sassuolo - Fiorentina Serie A <br>beIN SPORTS 3, beIN SPORTS 3, beIN Sports Connect"",","","https://ausportguide.com/live-sports-tv-guide/sun"
"sun","Soccer","FiorentinaSassuolo Vs Fiorentina | The Giants Of Italian Football Go Head To Head For The Serie A Scudetto, Italy's Top Division Of Football.","4:00AM","const cnf5 = {","name: "Inter - Como",","description: ""Inter - Como Serie A <br>beIN SPORTS 3, beIN SPORTS 3, beIN Sports Connect"",","","https://ausportguide.com/live-sports-tv-guide/sun"
"sun","Soccer","ComoInter Vs Como 1907 | The Giants Of Italian Football Go Head To Head For The Serie A Scudetto, Italy's Top Division Of Football.","6:45AM","const cnf6 = {","name: "Verona - Atalanta",","description: ""Verona - Atalanta Serie A <br>beIN SPORTS 3, beIN SPORTS 3, beIN Sports Connect"",","","https://ausportguide.com/live-sports-tv-guide/sun"
"sun","Soccer","AtalantaVerona Vs Atalanta | The Giants Of Italian Football Go Head To Head For The Serie A Scudetto, Italy's Top Division Of Football.","10:30PM","const cnf7 = {","name: "Cremonese - Lecce",","description: ""Cremonese - Lecce Serie A <br>beIN SPORTS 3, beIN SPORTS 3, beIN Sports Connect"",","","https://ausportguide.com/live-sports-tv-guide/sun"
"sun","Soccer","Germany","1:30AM","const cnf8 = {","name: "VfB Stuttgart - Bayern Munich",","description: ""VfB Stuttgart - Bayern Munich Bundesliga <br>beIN SPORTS 1, beIN SPORTS 1, beIN Sports Connect"",","","https://ausportguide.com/live-sports-tv-guide/sun"
"sun","Soccer","Bayern MunichStuttgart Vs Bayern | Watch Every Game Of The Season Live As The Top German Football Clubs Battle It Out In The Bundesliga, Germany's Top Division Of Football.","1:30AM","const cnf9 = {","name: "Augsburg - Bayer Leverkusen",","description: ""Augsburg - Bayer Leverkusen Bundesliga <br>beIN Sports Connect, beIN Sports Connect"",","","https://ausportguide.com/live-sports-tv-guide/sun"
"sun","Soccer","Bayer LeverkusenAugsburg Vs Leverkusen | Bundesliga","1:30AM","const cnf10 = {","name: "Wolfsburg - Union Berlin",","description: ""Wolfsburg - Union Berlin Bundesliga <br>beIN Sports Connect, beIN Sports Connect"",","","https://ausportguide.com/live-sports-tv-guide/sun"
"sun","Soccer","Union BerlinWolfsburg Vs Fc Union | Bundesliga","1:30AM","const cnf11 = {","name: "Heidenheim - Freiburg",","description: ""Heidenheim - Freiburg Bundesliga <br>beIN Sports Connect, beIN Sports Connect"",","","https://ausportguide.com/live-sports-tv-guide/sun"
"sun","Soccer","FreiburgHeidenheim 1846 Vs Freiburg | Bundesliga","1:30AM","const cnf12 = {","name: "FC Koln - St. Pauli",","description: ""FC Koln - St. Pauli Bundesliga <br>beIN Sports Connect, beIN Sports Connect"",","","https://ausportguide.com/live-sports-tv-guide/sun"
"sun","Soccer","St. PauliCologne Vs St. Pauli | Bundesliga","4:30AM","const cnf13 = {","name: "RB Leipzig - Eintracht Frankfurt",","description: ""RB Leipzig - Eintracht Frankfurt Bundesliga <br>beIN SPORTS 1, beIN SPORTS 1, beIN Sports Connect"",","","https://ausportguide.com/live-sports-tv-guide/sun"
"sun","Soccer","Belgium","4:15AM","const cnf14 = {","name: "Royale Union SG - Gent",","description: ""Royale Union SG - Gent Jupiler League <br>DAZN, DAZN"",","","https://ausportguide.com/live-sports-tv-guide/sun"
"sun","Soccer","GentUnion Saint-gilloise Vs. Gent | Catch All The Latest Action From The Belgian Pro League. - Jupiler Pro League","6:45AM","const cnf15 = {","name: "St. Truiden - Club Brugge KV",","description: ""St. Truiden - Club Brugge KV Jupiler League <br>DAZN, DAZN"",","","https://ausportguide.com/live-sports-tv-guide/sun"
"sun","Soccer","Turkey","4:00AM","const cnf16 = {","name: "Basaksehir - Fenerbahce",","description: ""Basaksehir - Fenerbahce Super Lig <br>beIN Sports Connect, beIN Sports Connect"",","","https://ausportguide.com/live-sports-tv-guide/sun"
"sun","Soccer","South Korea","4:00PM","const cnf17 = {","name: "Jeju Utd - Suwon Bluewings",","description: ""Jeju Utd - Suwon Bluewings K League 1 <br>"",","","https://ausportguide.com/live-sports-tv-guide/sun"
"sun","Soccer","Suwon BluewingsJeju Sk V Suwon Samsung - K League 2025","6:30PM","const cnf18 = {","name: "Suwon FC W - Bucheon FC 1995",","description: ""Suwon FC W - Bucheon FC 1995 K League 1 <br>"",","","https://ausportguide.com/live-sports-tv-guide/sun"
"sun","Soccer","England","2:00AM","const cnf19 = {","name: "Newcastle Utd - Burnley",","description: ""Newcastle Utd - Burnley Premier League <br>Stan Sport, Stan Sport"",","","https://ausportguide.com/live-sports-tv-guide/sun"
"sun","Soccer","BurnleyNewcastle United V Burnley - Premier League 2025/2026","2:00AM","const cnf20 = {","name: "Manchester City - Sunderland",","description: ""Manchester City - Sunderland Premier League <br>Stan Sport, Stan Sport"",","","https://ausportguide.com/live-sports-tv-guide/sun"
"sun","Soccer","SunderlandManchester City V Sunderland - Premier League 2025/2026","2:00AM","const cnf21 = {","name: "Tottenham - Brentford",","description: ""Tottenham - Brentford Premier League <br>Stan Sport, Stan Sport"",","","https://ausportguide.com/live-sports-tv-guide/sun"
"sun","Soccer","BrentfordTottenham Hotspur V Brentford - Premier League 2025/2026","2:00AM","const cnf22 = {","name: "Everton - Nottingham",","description: ""Everton - Nottingham Premier League <br>Stan Sport, Stan Sport"",","","https://ausportguide.com/live-sports-tv-guide/sun"
"sun","Soccer","NottinghamEverton V Nottingham Forest - Premier League 2025/2026","2:00AM","const cnf23 = {","name: "Bournemouth - Chelsea",","description: ""Bournemouth - Chelsea Premier League <br>Stan Sport, Stan Sport"",","","https://ausportguide.com/live-sports-tv-guide/sun"
"sun","Soccer","ChelseaAfc Bournemouth V Chelsea - Premier League 2025/2026","4:30AM","const cnf24 = {","name: "Leeds United - Liverpool",","description: ""Leeds United - Liverpool Premier League <br>Stan Sport, Stan Sport"",","","https://ausportguide.com/live-sports-tv-guide/sun"
"sun","Soccer","Australia","7:35PM","const cnf25 = {","name: "Adelaide United - Brisbane Roar",","description: ""Adelaide United - Brisbane Roar A-league <br>Paramount  Australia, Paramount  Australia"",","","https://ausportguide.com/live-sports-tv-guide/sun"
"sun","Soccer","Scotland","7:00AM","const cnf26 = {","name: "Kilmarnock - Rangers",","description: ""Kilmarnock - Rangers Premiership <br>beIN SPORTS 1, beIN SPORTS 1, TrillerTV Plus, beIN Sports Connect"",","","https://ausportguide.com/live-sports-tv-guide/sun"
"sun","Soccer","Germany","6:30AM","const cnf27 = {","name: "Darmstadt - Karlsruher",","description: ""Darmstadt - Karlsruher 2. Bundesliga <br>beIN Sports Connect, beIN Sports Connect"",","","https://ausportguide.com/live-sports-tv-guide/sun"
"sun","Soccer","KarlsruherDarmstadt Vs Karlsruher | Bundesliga 2","11:30PM","const cnf28 = {","name: "Braunschweig - Holstein Kiel",","description: ""Braunschweig - Holstein Kiel 2. Bundesliga <br>beIN SPORTS 1, beIN SPORTS 1, beIN Sports Connect"",","","https://ausportguide.com/live-sports-tv-guide/sun"
"sun","Soccer","Holstein KielBraunschweig Vs Holstein Kiel | Tune In For The Coverage Of 2025/26 Bundesliga 2, Where Some Of The Most Prominent Teams In German Football Are Vying For A Coveted Spot In The Bundesliga.tune In For The Coverage Of 2025/26 Bundesliga 2, Where Some Of The Most Prominent Teams In German Football Are Vying For A Coveted Spot In The Bundesliga.","11:30PM","const cnf29 = {","name: "Nurnberg - Greuther Furth",","description: ""Nurnberg - Greuther Furth 2. Bundesliga <br>beIN Sports Connect, beIN Sports Connect"",","","https://ausportguide.com/live-sports-tv-guide/sun"
"sun","Soccer","Greuther FurthNuremberg Vs Greuther Furth | Bundesliga 2","11:30PM","const cnf30 = {","name: "Hertha Berlin - Magdeburg",","description: ""Hertha Berlin - Magdeburg 2. Bundesliga <br>beIN Sports Connect, beIN Sports Connect"",","","https://ausportguide.com/live-sports-tv-guide/sun"
"sun","Soccer","Spain","2:15AM","const cnf31 = {","name: "Huesca - Valladolid",","description: ""Huesca - Valladolid LaLiga 1 2 3 <br>beIN Sports Connect, beIN Sports Connect"",","","https://ausportguide.com/live-sports-tv-guide/sun"
"sun","Soccer","England","2:00AM","const cnf32 = {","name: "Bristol City - Millwall",","description: ""Bristol City - Millwall Championship <br>beIN SPORTS 2, beIN SPORTS 2, beIN Sports Connect"",","","https://ausportguide.com/live-sports-tv-guide/sun"
"sun","Soccer","England","2:00AM","const cnf33 = {","name: "Forest Green - Solihull",","description: ""Forest Green - Solihull National League <br>DAZN, DAZN"",","","https://ausportguide.com/live-sports-tv-guide/sun"
"sun","Soccer","SolihullForest Green Vs. Solihull Moors | Watch All The Action From The National League On Dazn. - Enterprise National League","2:00AM","const cnf34 = {","name: "Aldershot - Altrincham",","description: ""Aldershot - Altrincham National League <br>DAZN, DAZN"",","","https://ausportguide.com/live-sports-tv-guide/sun"
"sun","Soccer","AltrinchamAldershot Vs. Altrincham | Watch All The Action From The National League On Dazn. - Enterprise National League","2:00AM","const cnf35 = {","name: "Rochdale - Southend",","description: ""Rochdale - Southend National League <br>DAZN, DAZN"",","","https://ausportguide.com/live-sports-tv-guide/sun"
"sun","Soccer","SouthendRochdale Vs. Southend | Watch All The Action From The National League On Dazn. - Enterprise National League","2:00AM","const cnf36 = {","name: "Hartlepool - Yeovil",","description: ""Hartlepool - Yeovil National League <br>DAZN, DAZN"",","","https://ausportguide.com/live-sports-tv-guide/sun"
"sun","Soccer","YeovilHartlepool United Vs. Yeovil Town | Watch All The Action From The National League On Dazn. - Enterprise National League","2:00AM","const cnf37 = {","name: "Halifax - Braintree",","description: ""Halifax - Braintree National League <br>DAZN, DAZN"",","","https://ausportguide.com/live-sports-tv-guide/sun"
"sun","Soccer","BraintreeFc Halifax Town Vs. Braintree | Watch All The Action From The National League On Dazn. - Enterprise National League","4:30AM","const cnf38 = {","name: "Scunthorpe - Tamworth",","description: ""Scunthorpe - Tamworth National League <br>DAZN, DAZN"",","","https://ausportguide.com/live-sports-tv-guide/sun"
"sun","Soccer","USA","9:48PM","const cnf39 = {","name: "FIFA Futsal Women's World Cup",","description: ""FIFA Futsal Women's World Cup FIFA Futsal Women's World Cup Final. Stream commences 2218 with kick-off at 2230. <br>10 play, 10 play"",","","https://ausportguide.com/live-sports-tv-guide/sun"
"sun","Soccer","Australia","3:00PM","const cnf40 = {","name: "Melbourne City W - Wellington Phoenix W",","description: ""Melbourne City W - Wellington Phoenix W Ninja A-League <br>10 play, 10 play, Paramount  Australia"",","","https://ausportguide.com/live-sports-tv-guide/sun"
"sun","Soccer","Wellington Phoenix WNinja A-league: Melbourne City Vs Wellington Phoenix | Ninja A-league Action As Melbourne City Take On Wellington Phoenix. Stream Commences 1455 With Kick-off At 1500.","4:50PM","const cnf41 = {","name: "Adelaide W - Brisbane Roar W",","description: ""Adelaide W - Brisbane Roar W Ninja A-League <br>10 play, 10 play, Paramount  Australia"",","","https://ausportguide.com/live-sports-tv-guide/sun"
"sun","Soccer","Brisbane Roar WNinja A-league: Adelaide United Vs Brisbane Roar | Ninja A-league Action As Adelaide United Take On Brisbane Roar. Stream Commences 1645 With Kick-off At 1650.","5:00PM","const cnf42 = {","name: "WS Wanderers W - Sydney W",","description: ""WS Wanderers W - Sydney W Ninja A-League <br>Paramount  Australia, Paramount  Australia"",","","https://ausportguide.com/live-sports-tv-guide/sun"
"sun","Soccer","Spain","1:00AM","const cnf43 = {","name: "Barcelona W - Tenerife W",","description: ""Barcelona W - Tenerife W Primera Division Women <br>DAZN, DAZN"",","","https://ausportguide.com/live-sports-tv-guide/sun"
"sun","Soccer","Tenerife WBarcelona Vs. Tenerife | Watch Soccer Action As Barcelona Takes On Ud Tenerife - Liga F Moeve","5:00AM","const cnf44 = {","name: "Real Madrid W - Real Sociedad W",","description: ""Real Madrid W - Real Sociedad W Primera Division Women <br>DAZN, DAZN"",","","https://ausportguide.com/live-sports-tv-guide/sun"
"sun","Soccer","Italy","12:30AM","const cnf45 = {","name: "AS Roma W - Juventus W",","description: ""AS Roma W - Juventus W Serie A Woman <br>DAZN, DAZN"",","","https://ausportguide.com/live-sports-tv-guide/sun"
"sun","Soccer","England","11:00PM","const cnf46 = {","name: "Manchester United W - West Ham W",","description: ""Manchester United W - West Ham W FA WSL <br>Stan Sport, Stan Sport"",","","https://ausportguide.com/live-sports-tv-guide/sun"
"sun","Soccer","West Ham WManchester United V West Ham - Wsl 2025/26","11:00PM","const cnf47 = {","name: "London City Lionesses W - Brighton W",","description: ""London City Lionesses W - Brighton W FA WSL <br>Stan Sport, Stan Sport"",","","https://ausportguide.com/live-sports-tv-guide/sun"
"sun","Soccer","Brighton WLondon City Lionesses V Brighton & Hove Albion - Wsl 2025/26","11:00PM","const cnf48 = {","name: "Tottenham W - Aston Villa W",","description: ""Tottenham W - Aston Villa W FA WSL <br>Stan Sport, Stan Sport"",","","https://ausportguide.com/live-sports-tv-guide/sun"
"sun","Soccer","Aston Villa WTottenham Hotspur V Aston Villa - Wsl 2025/26","11:00PM","const cnf49 = {","name: "Leicester W - Manchester City W",","description: ""Leicester W - Manchester City W FA WSL <br>Stan Sport, Stan Sport"",","","https://ausportguide.com/live-sports-tv-guide/sun"
"sun","Cricket","Australia","10:40AM","const cnf50 = {","name: "Sydney Sixers W - Adelaide W",","description: ""Sydney Sixers W - Adelaide W Big Bash League Women <br>Channel 7 Sydney, Channel 7 Sydney, Channel 7 Melbourne, 7plus Sport"",","","https://ausportguide.com/live-sports-tv-guide/sun"
"sun","Cricket","Twenty20 International Women","11:00PM","const cnf51 = {","name: "South Africa W - Ireland W",","description: ""South Africa W - Ireland W Twenty20 International Women <br>Fox Sports 505, Fox Sports 505, Kayo Sports"",","","https://ausportguide.com/live-sports-tv-guide/sun"
"sun","Basketball","USA","9:00AM","const cnf52 = {","name: "Brooklyn Nets - New Orleans Pelicans",","description: ""Brooklyn Nets - New Orleans Pelicans NBA <br>NBA League Pass, NBA League Pass"",","","https://ausportguide.com/live-sports-tv-guide/sun"
"sun","Basketball","New Orleans PelicansBrooklyn Nets - New Orleans Pelicans, Nba","11:00AM","const cnf53 = {","name: "Washington Wizards - Atlanta Hawks",","description: ""Washington Wizards - Atlanta Hawks NBA <br>NBA League Pass, NBA League Pass"",","","https://ausportguide.com/live-sports-tv-guide/sun"
"sun","Basketball","Atlanta HawksWashington Wizards - Atlanta Hawks, Nba","11:30AM","const cnf54 = {","name: "Cleveland Cavaliers - Golden State Warriors",","description: ""Cleveland Cavaliers - Golden State Warriors NBA <br>NBA League Pass, NBA League Pass, ESPN, Kayo Sports"",","","https://ausportguide.com/live-sports-tv-guide/sun"
"sun","Basketball","Golden State WarriorsCleveland Cavaliers - Golden State Warriors, Nba","11:30AM","const cnf55 = {","name: "Detroit Pistons - Milwaukee Bucks",","description: ""Detroit Pistons - Milwaukee Bucks NBA <br>NBA League Pass, NBA League Pass"",","","https://ausportguide.com/live-sports-tv-guide/sun"
"sun","Basketball","Milwaukee BucksDetroit Pistons - Milwaukee Bucks, Nba","12:00PM","const cnf56 = {","name: "Miami Heat - Sacramento Kings",","description: ""Miami Heat - Sacramento Kings NBA <br>NBA League Pass, NBA League Pass"",","","https://ausportguide.com/live-sports-tv-guide/sun"
"sun","Basketball","Sacramento KingsMiami Heat - Sacramento Kings, Nba","12:00PM","const cnf57 = {","name: "Minnesota Timberwolves - Los Angeles Clippers",","description: ""Minnesota Timberwolves - Los Angeles Clippers NBA <br>NBA League Pass, NBA League Pass"",","","https://ausportguide.com/live-sports-tv-guide/sun"
"sun","Basketball","Los Angeles ClippersMinnesota Timberwolves - Los Angeles Clippers, Nba","12:30PM","const cnf58 = {","name: "Dallas Mavericks - Houston Rockets",","description: ""Dallas Mavericks - Houston Rockets NBA <br>NBA League Pass, NBA League Pass"",","","https://ausportguide.com/live-sports-tv-guide/sun"
"sun","Basketball","Australia","2:30PM","const cnf59 = {","name: "South East Melbourne - Melbourne United",","description: ""South East Melbourne - Melbourne United NBL <br>Channel 10 Sydney, Channel 10 Sydney, Channel 10 Melbourne, 10 play"",","","https://ausportguide.com/live-sports-tv-guide/sun"
"sun","Basketball","Melbourne UnitedSouth East Melbourne Phoenix Vs Melbourne United | Nbl","4:30PM","const cnf60 = {","name: "Perth - Adelaide",","description: ""Perth - Adelaide NBL <br>10 BOLD, 10 BOLD, ESPN, Kayo Sports"",","","https://ausportguide.com/live-sports-tv-guide/sun"
"sun","Basketball","USA","4:00AM","const cnf61 = {","name: "Michigan State - Duke",","description: ""Michigan State - Duke NCAA <br>DAZN, DAZN"",","","https://ausportguide.com/live-sports-tv-guide/sun"
"sun","Basketball","DukeDuke @ Michigan State | Watch All The Action From The Ncaa. - Ncaa Division I","6:00AM","const cnf62 = {","name: "Northwestern - Ohio State",","description: ""Northwestern - Ohio State NCAA <br>DAZN, DAZN"",","","https://ausportguide.com/live-sports-tv-guide/sun"
"sun","Basketball","Ohio StateOhio State @ Northwestern | Watch All The Action From The Ncaa. - Ncaa Division I","6:00AM","const cnf63 = {","name: "Marquette - Wisconsin",","description: ""Marquette - Wisconsin NCAA <br>DAZN, DAZN"",","","https://ausportguide.com/live-sports-tv-guide/sun"
"sun","Basketball","WisconsinMarquette @ Wisconsin | Watch All The Action From The Ncaa. - Ncaa Division I","6:00AM","const cnf64 = {","name: "Indiana - Louisville",","description: ""Indiana - Louisville NCAA <br>DAZN, DAZN"",","","https://ausportguide.com/live-sports-tv-guide/sun"
"sun","Basketball","LouisvilleLouisville @ Indiana | Watch All The Action From The Ncaa. - Ncaa Division I","8:00AM","const cnf65 = {","name: "Michigan - Rutgers",","description: ""Michigan - Rutgers NCAA <br>DAZN, DAZN"",","","https://ausportguide.com/live-sports-tv-guide/sun"
"sun","Basketball","RutgersRutgers @ Michigan | Watch All The Action From The Ncaa. - Ncaa Division I","8:00AM","const cnf66 = {","name: "Iowa - Maryland",","description: ""Iowa - Maryland NCAA <br>DAZN, DAZN"",","","https://ausportguide.com/live-sports-tv-guide/sun"
"sun","Basketball","MarylandMaryland @ Iowa | Watch All The Action From The Ncaa. - Ncaa Division I","10:00AM","const cnf67 = {","name: "UCLA - Oregon",","description: ""UCLA - Oregon NCAA <br>DAZN, DAZN"",","","https://ausportguide.com/live-sports-tv-guide/sun"
"sun","Basketball","Spain","11:00PM","const cnf68 = {","name: "Tenerife - Real Madrid",","description: ""Tenerife - Real Madrid ACB <br>DAZN, DAZN"",","","https://ausportguide.com/live-sports-tv-guide/sun"
"sun","Basketball","Australia","6:30PM","const cnf69 = {","name: "Southside W - Bendigo W",","description: ""Southside W - Bendigo W WNBL Women <br>ESPN, ESPN, Kayo Sports"",","","https://ausportguide.com/live-sports-tv-guide/sun"
"sun","Rugby Union","South Africa","3:35AM","const cnf70 = {","name: "Spain 7s - Argentina 7s",","description: ""Spain 7s - Argentina 7s Seven's World Series - South Africa <br>"",","","https://ausportguide.com/live-sports-tv-guide/sun"
"sun","Rugby Union","Italy","12:30AM","const cnf71 = {","name: "Rugby Lyons - Petrarca Padova",","description: ""Rugby Lyons - Petrarca Padova Serie A Elite <br>Stan Sport, Stan Sport"",","","https://ausportguide.com/live-sports-tv-guide/sun"
"sun","Motorsport","Formula 1","12:15AM","const cnf72 = {","name: "Abu Dhabi Practice Qualifying",","description: ""Abu Dhabi Practice Qualifying F1 <br>"",","","https://ausportguide.com/live-sports-tv-guide/sun"
"sun","Motorsport","F1","11:40PM","const cnf73 = {","name: "F1: Abu Dhabi Race",","description: ""F1: Abu Dhabi Race Abu Dhabi Race <br>Fox Sports 506, Fox Sports 506, Kayo Sports"",","","https://ausportguide.com/live-sports-tv-guide/sun"
"sun","Motorsport","Formula 2","8:10PM","const cnf74 = {","name: "F2: Abu Dhabi Feature Race",","description: ""F2: Abu Dhabi Feature Race Abu Dhabi Feature Race <br>Fox Sports 506, Fox Sports 506, Kayo Sports"",","","https://ausportguide.com/live-sports-tv-guide/sun"
"sun","Motorsport","Formula E","3:00AM","const cnf75 = {","name: "Race: São Paulo - Formula E 2025/26",","description: ""Race: São Paulo - Formula E 2025/26 <b>Formula E</b> <br>Stan Sport, Stan Sport"",","","https://ausportguide.com/live-sports-tv-guide/sun"
"sun","Motorsport","FIM World Supercross Championship","4:00AM","const cnf76 = {","name: "",","description: "" Motorsport: Swedish GP WSX Round 4 <br>"",","","https://ausportguide.com/live-sports-tv-guide/sun"
"sun","Golf","South Africa","4:00AM","const cnf77 = {","name: "USPGA: Hero World Challenge R3",","description: ""USPGA: Hero World Challenge R3 Hero World Challenge R3 <br>Fox Sports More , Fox Sports More , Kayo Sports"",","","https://ausportguide.com/live-sports-tv-guide/sun"
"sun","Golf","Hero World Challenge R3","8:00PM","const cnf78 = {","name: "Golf: Nedbank Golf Challenge FR",","description: ""Golf: Nedbank Golf Challenge FR Nedbank Golf Challenge FR <br>Fox Sports More , Fox Sports More , Kayo Sports"",","","https://ausportguide.com/live-sports-tv-guide/sun"
"sun","Golf","Australia","11:00AM","const cnf79 = {","name: "Crown Australian Open, Final Round",","description: ""Crown Australian Open, Final Round Golf <br>Channel 9 Sydney, Channel 9 Sydney, Channel 9 Melbourne, Fox Sports 503"",","","https://ausportguide.com/live-sports-tv-guide/sun"
"sun","Golf","USA","12:00PM","const cnf80 = {","name: "Nazim Sadykhov - Fares Ziam",","description: ""Nazim Sadykhov - Fares Ziam UFC <br>ESPN2, ESPN2, Kayo Sports"",","","https://ausportguide.com/live-sports-tv-guide/sun"
"sun","Golf","Fares ZiamNazim Sadykhov Vs Fares Ziam | Ufc 323","12:30PM","const cnf81 = {","name: "Maycee Barber - Karine Silva",","description: ""Maycee Barber - Karine Silva UFC <br>ESPN2, ESPN2, Kayo Sports"",","","https://ausportguide.com/live-sports-tv-guide/sun"
"sun","Golf","Karine SilvaMaycee Barber Vs Karine Silva | Ufc 323","1:00PM","const cnf82 = {","name: "Terrance McKinney - Chris Duncan",","description: ""Terrance McKinney - Chris Duncan UFC <br>ESPN2, ESPN2, Kayo Sports"",","","https://ausportguide.com/live-sports-tv-guide/sun"
"sun","Golf","Chris DuncanTerrance Mckinney Vs Chris Duncan | Ufc 323","1:30PM","const cnf83 = {","name: "Grant Dawson - Manuel Torres",","description: ""Grant Dawson - Manuel Torres UFC <br>ESPN2, ESPN2, Kayo Sports"",","","https://ausportguide.com/live-sports-tv-guide/sun"
"sun","Golf","Manuel TorresUfc 323: Dvalishvili Vs. Yan 2 (prelims) | Ufc","2:00PM","const cnf84 = {","name: "Jan Blachowicz - Bogdan Guskov",","description: ""Jan Blachowicz - Bogdan Guskov UFC <br>Kayo Sports, Kayo Sports"",","","https://ausportguide.com/live-sports-tv-guide/sun"
"sun","Golf","Bogdan GuskovJan Blachowicz Vs Bogdan Guskov | Ufc 323","2:30PM","const cnf85 = {","name: "Henry Cejudo - Payton Talbott",","description: ""Henry Cejudo - Payton Talbott UFC <br>Kayo Sports, Kayo Sports"",","","https://ausportguide.com/live-sports-tv-guide/sun"
"sun","Golf","Payton TalbottHenry Cejudo Vs Payton Talbott | Ufc 323","3:00PM","const cnf86 = {","name: "Brandon Moreno - Tatsuro Taira",","description: ""Brandon Moreno - Tatsuro Taira UFC <br>Kayo Sports, Kayo Sports"",","","https://ausportguide.com/live-sports-tv-guide/sun"
"sun","Golf","Tatsuro TairaBrandon Moreno Vs Tatsuro Taira | Ufc 323","3:30PM","const cnf87 = {","name: "Alexandre Pantoja - Joshua Van",","description: ""Alexandre Pantoja - Joshua Van UFC <br>Kayo Sports, Kayo Sports"",","","https://ausportguide.com/live-sports-tv-guide/sun"
"sun","Golf","Joshua VanAlexandre Pantoja Vs Joshua Van | Ufc 323","4:00PM","const cnf88 = {","name: "Merab Dvalishvili - Petr Yan",","description: ""Merab Dvalishvili - Petr Yan UFC <br>Kayo Sports, Kayo Sports"",","","https://ausportguide.com/live-sports-tv-guide/sun"
"sun","Golf","Lithuania","5:00AM","const cnf89 = {","name: "MMA Bushido: Frankfurt, Germany",","description: ""MMA Bushido: Frankfurt, Germany Watch all the latest MMA Bushido action as the stars enter the cage live in Frankfurt. - MMA Bushido <br>DAZN, DAZN"",","","https://ausportguide.com/live-sports-tv-guide/sun"
"sun","Cycling","UCI Cyclo-Cross World Cup","11:30PM","const cnf90 = {","name: "Terralba - Sardinia",","description: ""Terralba - Sardinia <b>UCI Cyclo-Cross World Cup</b> <br>Stan Sport, Stan Sport"",","","https://ausportguide.com/live-sports-tv-guide/sun"
"sun","Snooker","Mosconi Cup","5:30AM","const cnf91 = {","name: "Mosconi Cup Pool: Final Day",","description: ""Mosconi Cup Pool: Final Day Final Day <br>Fox Sports 506, Fox Sports 506, Kayo Sports"",","","https://ausportguide.com/live-sports-tv-guide/sun"
"sun","American Football","USA","4:00AM","const cnf92 = {","name: "Brigham Young - Texas Tech",","description: ""Brigham Young - Texas Tech NCAA FBS <br>ESPN, ESPN, Kayo Sports"",","","https://ausportguide.com/live-sports-tv-guide/sun"
"sun","American Football","Texas Tech#11 Byu Vs. #4 Texas Tech (championship) | Ncaa Football","4:00AM","const cnf93 = {","name: "Miami RedHawks - Western Michigan",","description: ""Miami RedHawks - Western Michigan NCAA FBS <br>ESPN2, ESPN2, Kayo Sports"",","","https://ausportguide.com/live-sports-tv-guide/sun"
"sun","American Football","Western MichiganMiami (oh) Vs. Western Michigan (championship) | Ncaa Football","8:00AM","const cnf94 = {","name: "Georgia - Alabama",","description: ""Georgia - Alabama NCAA FBS <br>ESPN, ESPN, Kayo Sports"",","","https://ausportguide.com/live-sports-tv-guide/sun"
"sun","American Football","Alabama#3 Georgia Vs. #9 Alabama (championship) | Ncaa Football","12:00PM","const cnf95 = {","name: "Indiana - Ohio State",","description: ""Indiana - Ohio State NCAA FBS <br>DAZN, DAZN"",","","https://ausportguide.com/live-sports-tv-guide/sun"
"sun","American Football","USA","6:00AM","const cnf96 = {","name: "Jackson State - Prairie View A&M",","description: ""Jackson State - Prairie View A&M NCAA FCS <br>ESPN2, ESPN2, Kayo Sports"",","","https://ausportguide.com/live-sports-tv-guide/sun"
"sun","American Football","Prairie View A&MPrairie View A&m Vs. Jackson State (championship) | Ncaa Football","2:00PM","const cnf97 = {","name: "UC Davis - Rhode Island",","description: ""UC Davis - Rhode Island NCAA FCS <br>ESPN2, ESPN2"",","","https://ausportguide.com/live-sports-tv-guide/sun"
"sun","American Football","USA","4:30AM","const cnf98 = {","name: "New York Rangers - Colorado Avalanche",","description: ""New York Rangers - Colorado Avalanche NHL <br>WatchESPN, WatchESPN"",","","https://ausportguide.com/live-sports-tv-guide/sun"
"sun","American Football","Colorado AvalancheColorado Avalanche Vs. New York Rangers | Nhl","7:30AM","const cnf99 = {","name: "Florida Panthers - Columbus Blue Jackets",","description: ""Florida Panthers - Columbus Blue Jackets NHL <br>WatchESPN, WatchESPN"",","","https://ausportguide.com/live-sports-tv-guide/sun"
"sun","American Football","Columbus Blue JacketsColumbus Blue Jackets Vs. Florida Panthers | Nhl","11:00AM","const cnf100 = {","name: "Carolina Hurricanes - Nashville Predators",","description: ""Carolina Hurricanes - Nashville Predators NHL <br>WatchESPN, WatchESPN"",","","https://ausportguide.com/live-sports-tv-guide/sun"
"sun","American Football","Nashville PredatorsNashville Predators Vs. Carolina Hurricanes | Nhl","11:00AM","const cnf101 = {","name: "Boston Bruins - New Jersey Devils",","description: ""Boston Bruins - New Jersey Devils NHL <br>WatchESPN, WatchESPN"",","","https://ausportguide.com/live-sports-tv-guide/sun"
"sun","American Football","New Jersey DevilsNew Jersey Devils Vs. Boston Bruins | Nhl","1:00PM","const cnf102 = {","name: "Los Angeles Kings - Chicago Blackhawks",","description: ""Los Angeles Kings - Chicago Blackhawks NHL <br>WatchESPN, WatchESPN"",","","https://ausportguide.com/live-sports-tv-guide/sun"
"sun","American Football","Chicago BlackhawksChicago Blackhawks Vs. Los Angeles Kings | Nhl","2:00PM","const cnf103 = {","name: "Vancouver Canucks - Minnesota Wild",","description: ""Vancouver Canucks - Minnesota Wild NHL <br>WatchESPN, WatchESPN"",","","https://ausportguide.com/live-sports-tv-guide/sun"
"sun","American Football","Minnesota WildMinnesota Wild Vs. Vancouver Canucks | Nhl","2:00PM","const cnf104 = {","name: "Edmonton Oilers - Winnipeg Jets",","description: ""Edmonton Oilers - Winnipeg Jets NHL <br>WatchESPN, WatchESPN"",","","https://ausportguide.com/live-sports-tv-guide/sun"
"sun","American Football","Spain","6:00PM","const cnf105 = {","name: "Valencia Marathon",","description: ""Valencia Marathon Valencia Marathon <br>Kayo Sports, Kayo Sports"",","","https://ausportguide.com/live-sports-tv-guide/sun"
"sun","American Football","ISU Grand Prix of Figure Skating","3:55PM","const cnf106 = {","name: "Nagoya",","description: ""Nagoya All the live action as the Exhibition Gala closes the 2025 ISU Figure Skating Grand Prix Final in Nagoya  Japan. <br>"",","","https://ausportguide.com/live-sports-tv-guide/sun"
"sun","American Football","Varde (Primetime Boxing)","4:50AM","const cnf107 = {","name: "Melissa Mortensen - Dorota Norek",","description: ""Melissa Mortensen - Dorota Norek  <br>DAZN, DAZN"",","","https://ausportguide.com/live-sports-tv-guide/sun"
"sun","American Football","Dorota NorekMortensen Vs. Norek | Primetime Boxing Presents An Explosive Night Of Action In varde, Denmark, As Local Talent melissa Mortensen (7-0) Faces dorota Norek (9-5) For The Ebu Silver Super Bantamweight Title. - Primetime Boxing","6:50AM","const cnf108 = {","name: "Shabaz Masoud - Peter McGrail",","description: ""Shabaz Masoud - Peter McGrail  <br>DAZN, DAZN"",","","https://ausportguide.com/live-sports-tv-guide/sun"
"sun","American Football","Peter McGrailMasoud Vs. Mcgrail | Matchroom Returns To Monaco, With A Long-awaited Super Bantamweight Clash Between shabaz Masoud (14-0) And Peter Mcgrail (12-1) Headlining A Stacked Card On The french Riviera. - Matchroom Boxing","12:00PM","const cnf109 = {","name: "Isaac Cruz Gonzalez - Lamont Roach",","description: ""Isaac Cruz Gonzalez - Lamont Roach  <br>Kayo Sports, Kayo Sports"",","","https://ausportguide.com/live-sports-tv-guide/sun"
